;nomen;revenu;agglo9;loc_log;stat_log;nb_voit;nb_tv;jardin;micro_onde;frigo;congelo;four;soins;situ_fin;situ_alim;manq_alim;viande;jard_potager;jard_verger;jard_pelouse;jard_poules;nbpers;sexe_chef;age_chefq;nbadu;nbenf;agglo5;ech;cspc;reg;pcschef;up;jard_rien;sitalim_regime;sitalim_temps;sitalim_argent;sitalim_depl;sitalim_rhf;sitalim_place;sitalim_autre;chef_diplo;chef_situprof;chef_statempl;chef_typempl;chef_atrav;chef_nbsal;tage_chef;pond_men;selcuileg;selcuivp;selcuivps;selcuioeuf;saliere;selcrud;typesel;chori;chprix;chlabel;chsani;chhabit;chmarq;chpres;chprod;chgout;chetiq;chnut;claim;inscuisson;insconserv;stokcons;micronde;consopc;dlcoeuf;dlcjamb;dlcsaum;dlcfrom;dlcpl;dlcyao;dlclaif;dlccrem;dlcvian;dlcpcsv;csvjamb;csvcharc;csvpc;csventrf;csvfromc;csvvian;nreprill;nreppate;nrepjamb;nrepsaum;nrepsauc;temp;thermo;tempfrig;alimcru;reste;puits;traiteau;traiteauch;traitcirc;traitusag;systion;systcharb;autsyst;fqtrait;entrprof;entrindi;chfacil;chnouv;chpub;nrchoix;traitnsp;nrtrait;systmemb;systmeca;systuv;systaut;systnsp;nrsyst;entrnsp
141;110972;13;1;2;2;2;4;1;1;1;1;1;2;1;1;4;1;2.0;1.0;1.0;2.0;2;1;58;2;0;1;1;6.0;0;3.0;220030;2.0;;;;;;;;11;1;1.0;2.0;;;5;0.3834913;1.0;2.0;3.0;1.0;3.0;3.0;1.0;1.0;2.0;1.0;2.0;1.0;2.0;2.0;2.0;2.0;2.0;2.0;4.0;2.0;2.0;2.0;3.0;4.0;1.0;1.0;1.0;1.0;1.0;4.0;1.0;1.0;1.0;1.0;2.0;3.0;3.0;2.0;4.0;2.0;3.0;3.0;2.0;2.0;1.0;5.0;1.0;;3.0;2.0;3.0;3.0;;;;;;;;;;2.0;2.0;2.0;;;;;;;;;;
142;110974;11;1;3;1;2;3;1;1;1;1;1;2;2;1;4;1;1.0;1.0;1.0;2.0;5;1;41;2;3;1;1;10.0;0;5.0;220030;2.0;;;;;;;;7;1;2.0;2.0;;;4;0.1533965;3.0;3.0;1.0;1.0;4.0;3.0;2.0;2.0;1.0;2.0;2.0;1.0;2.0;2.0;2.0;2.0;2.0;2.0;2.0;1.0;1.0;1.0;3.0;2.0;1.0;1.0;1.0;1.0;1.0;1.0;1.0;1.0;1.0;1.0;1.0;2.0;2.0;1.0;2.0;1.0;3.0;3.0;1.0;1.0;1.0;4.0;1.0;;3.0;1.0;3.0;3.0;;;;;;;;;;1.0;2.0;2.0;;;;;;;;;;
143;110978;9;1;3;4;2;4;2;1;1;1;2;2;3;2;4;1;;;;;4;2;40;3;1;1;1;10.0;0;5.0;220030;;2.0;2.0;1.0;2.0;2.0;2.0;2.0;3;2;2.0;1.0;1.0;;4;0.2876185;1.0;1.0;1.0;1.0;1.0;1.0;2.0;2.0;1.0;2.0;2.0;2.0;2.0;1.0;2.0;2.0;2.0;2.0;4.0;3.0;2.0;1.0;3.0;2.0;1.0;1.0;1.0;1.0;1.0;3.0;1.0;2.0;1.0;1.0;2.0;2.0;2.0;2.0;3.0;1.0;3.0;3.0;1.0;5.0;1.0;16.0;1.0;;3.0;3.0;3.0;3.0;;;;;;;;;;1.0;2.0;2.0;;;;;;;;;;
144;110979;12;1;3;2;2;2;1;1;1;1;1;2;2;1;4;1;1.0;1.0;1.0;2.0;5;1;42;2;3;1;1;9.0;0;4.0;220030;2.0;;;;;;;;9;1;3.0;2.0;;;4;0.1533965;1.0;1.0;3.0;2.0;2.0;3.0;1.0;1.0;2.0;2.0;2.0;2.0;2.0;2.0;1.0;1.0;2.0;2.0;2.0;2.0;1.0;2.0;3.0;2.0;1.0;1.0;1.0;1.0;1.0;1.0;1.0;1.0;1.0;7.0;2.0;2.0;6.0;2.0;3.0;2.0;2.0;5.0;1.0;2.0;2.0;4.0;1.0;;3.0;2.0;3.0;1.0;2.0;1.0;2.0;1.0;2.0;;2.0;2.0;1.0;2.0;2.0;2.0;;2.0;;2.0;2.0;2.0;2.0;2.0;;2.0
145;110984;7;1;3;2;2;1;1;1;1;1;1;2;2;1;4;1;1.0;2.0;1.0;2.0;3;1;52;3;0;1;1;2.0;0;2.0;220058;2.0;;;;;;;;9;1;7.0;9.0;;0.0;5;0.3834913;1.0;1.0;1.0;1.0;4.0;1.0;2.0;2.0;1.0;2.0;2.0;1.0;1.0;2.0;2.0;2.0;2.0;2.0;2.0;2.0;2.0;2.0;3.0;3.0;9.0;7.0;2.0;4.0;3.0;4.0;2.0;3.0;2.0;2.0;3.0;3.0;2.0;2.0;3.0;2.0;3.0;5.0;5.0;1.0;2.0;16.0;1.0;;1.0;1.0;3.0;1.0;2.0;1.0;2.0;1.0;2.0;;5.0;2.0;1.0;2.0;2.0;2.0;;2.0;;2.0;2.0;2.0;2.0;2.0;;2.0
146;110985;3;1;3;1;2;2;1;1;1;1;1;2;2;2;4;1;1.0;2.0;1.0;2.0;4;1;39;2;2;1;1;10.0;0;5.0;220058;2.0;2.0;2.0;1.0;2.0;2.0;2.0;2.0;10;1;1.0;2.0;;;4;0.1917457;1.0;2.0;2.0;1.0;4.0;4.0;2.0;2.0;1.0;1.0;2.0;2.0;2.0;2.0;2.0;1.0;2.0;2.0;2.0;3.0;1.0;2.0;3.0;4.0;1.0;1.0;1.0;3.0;1.0;3.0;1.0;3.0;1.0;1.0;2.0;3.0;1.0;1.0;3.0;2.0;5.0;5.0;1.0;1.0;1.0;4.0;1.0;;2.0;1.0;3.0;3.0;;;;;;;;;;2.0;2.0;2.0;;;;;;;;;;
147;110987;2;1;3;2;1;2;1;1;1;1;1;2;1;1;4;1;1.0;2.0;1.0;1.0;2;1;56;2;0;1;1;16.0;0;7.0;220058;2.0;;;;;;;;7;4;3.0;2.0;1.0;;5;0.5710399;1.0;1.0;1.0;1.0;3.0;4.0;2.0;1.0;1.0;1.0;2.0;2.0;2.0;2.0;2.0;2.0;2.0;2.0;2.0;2.0;1.0;2.0;3.0;2.0;1.0;2.0;2.0;2.0;9.0;2.0;7.0;2.0;2.0;7.0;2.0;2.0;6.0;6.0;3.0;2.0;2.0;2.0;1.0;2.0;5.0;3.0;2.0;5.0;2.0;1.0;3.0;1.0;2.0;1.0;2.0;2.0;2.0;;2.0;2.0;1.0;2.0;2.0;2.0;;2.0;;2.0;1.0;2.0;2.0;2.0;;2.0
148;110988;11;1;3;4;2;4;1;1;1;1;1;2;1;1;4;1;1.0;2.0;1.0;2.0;2;1;30;2;0;1;1;10.0;0;5.0;220058;2.0;;;;;;;;9;1;1.0;2.0;;;4;0.3837093;1.0;1.0;1.0;1.0;1.0;2.0;2.0;2.0;1.0;2.0;2.0;1.0;2.0;2.0;2.0;2.0;2.0;2.0;4.0;3.0;2.0;2.0;2.0;2.0;2.0;2.0;1.0;2.0;2.0;2.0;2.0;2.0;2.0;2.0;2.0;2.0;1.0;2.0;3.0;2.0;1.0;2.0;2.0;1.0;2.0;99.0;9.0;;3.0;1.0;3.0;3.0;;;;;;;;;;2.0;2.0;2.0;;;;;;;;;;
149;110989;10;1;3;1;1;3;1;1;1;1;1;2;2;1;4;1;1.0;1.0;1.0;2.0;1;1;44;1;0;1;1;7.0;0;4.0;220058;2.0;;;;;;;;11;1;3.0;2.0;;;4;1.378674;1.0;1.0;3.0;4.0;1.0;4.0;1.0;1.0;2.0;1.0;2.0;2.0;2.0;2.0;2.0;2.0;1.0;2.0;2.0;2.0;1.0;2.0;3.0;3.0;2.0;1.0;1.0;4.0;1.0;2.0;1.0;1.0;1.0;1.0;2.0;2.0;1.0;2.0;4.0;2.0;3.0;3.0;3.0;3.0;1.0;4.0;1.0;;2.0;1.0;3.0;1.0;2.0;1.0;2.0;1.0;2.0;;2.0;1.0;2.0;2.0;2.0;2.0;;2.0;;2.0;2.0;2.0;2.0;2.0;;2.0
150;110990;13;1;3;2;2;3;1;1;1;1;1;2;1;1;4;1;1.0;1.0;1.0;2.0;2;1;60;2;0;1;1;8.0;0;4.0;220058;2.0;;;;;;;;7;1;3.0;2.0;;;6;0.3834913;1.0;2.0;1.0;1.0;2.0;4.0;9.0;2.0;2.0;2.0;2.0;1.0;2.0;2.0;2.0;2.0;1.0;1.0;2.0;1.0;2.0;2.0;3.0;3.0;5.0;1.0;1.0;5.0;7.0;1.0;7.0;1.0;1.0;7.0;2.0;2.0;6.0;2.0;3.0;2.0;3.0;3.0;2.0;2.0;1.0;3.0;1.0;;1.0;2.0;3.0;3.0;;;;;;;;;;2.0;2.0;2.0;;;;;;;;;;
151;110994;15;1;3;5;2;4;1;1;1;1;1;2;4;1;4;1;1.0;1.0;1.0;1.0;4;1;50;2;2;1;1;1.0;0;1.0;220079;2.0;;;;;;;;11;1;7.0;9.0;;1.0;5;0.1917457;3.0;3.0;3.0;4.0;1.0;3.0;2.0;2.0;1.0;1.0;2.0;1.0;2.0;2.0;2.0;2.0;2.0;2.0;4.0;3.0;3.0;2.0;5.0;3.0;9.0;2.0;2.0;3.0;2.0;5.0;2.0;4.0;7.0;7.0;1.0;2.0;1.0;2.0;4.0;1.0;5.0;5.0;1.0;1.0;5.0;5.0;1.0;;2.0;1.0;3.0;1.0;2.0;1.0;2.0;1.0;2.0;;2.0;1.0;2.0;2.0;2.0;2.0;;2.0;;2.0;2.0;2.0;2.0;2.0;;2.0
152;110995;15;1;3;1;2;2;1;1;1;1;1;2;3;1;4;2;1.0;1.0;1.0;1.0;2;1;30;2;0;1;1;11.0;0;6.0;220079;2.0;;;;;;;;11;1;3.0;2.0;;;4;0.3835894;1.0;1.0;1.0;1.0;3.0;4.0;1.0;2.0;1.0;2.0;2.0;2.0;2.0;2.0;2.0;1.0;2.0;2.0;4.0;2.0;2.0;2.0;3.0;2.0;1.0;2.0;7.0;2.0;3.0;4.0;2.0;2.0;2.0;7.0;1.0;1.0;6.0;1.0;2.0;2.0;3.0;2.0;1.0;5.0;2.0;16.0;1.0;;1.0;1.0;3.0;3.0;;;;;;;;;;2.0;2.0;2.0;;;;;;;;;;
153;110999;11;1;3;4;2;4;1;1;1;1;1;2;2;1;4;1;2.0;2.0;1.0;2.0;3;1;34;2;1;1;1;3.0;0;2.0;220079;2.0;;;;;;;;11;1;7.0;2.0;;0.0;4;0.4526965;2.0;1.0;1.0;2.0;2.0;3.0;2.0;2.0;1.0;2.0;2.0;1.0;2.0;2.0;2.0;1.0;2.0;2.0;4.0;2.0;2.0;1.0;3.0;1.0;1.0;1.0;1.0;2.0;2.0;3.0;2.0;3.0;2.0;2.0;1.0;2.0;1.0;2.0;2.0;1.0;3.0;3.0;5.0;5.0;1.0;6.0;1.0;;3.0;2.0;3.0;3.0;;;;;;;;;;2.0;2.0;2.0;;;;;;;;;;
154;111001;7;1;3;2;2;2;1;1;1;1;1;2;2;1;4;1;2.0;2.0;1.0;2.0;4;1;57;4;0;1;1;1.0;0;1.0;220079;2.0;;;;;;;;11;1;7.0;2.0;;0.0;5;0.3834913;1.0;1.0;1.0;1.0;1.0;4.0;2.0;2.0;1.0;2.0;2.0;1.0;2.0;2.0;2.0;2.0;2.0;2.0;4.0;4.0;1.0;2.0;4.0;3.0;3.0;3.0;3.0;4.0;3.0;3.0;1.0;1.0;1.0;1.0;3.0;3.0;6.0;3.0;3.0;2.0;3.0;3.0;3.0;3.0;3.0;3.0;1.0;;3.0;2.0;3.0;3.0;;;;;;;;;;1.0;2.0;2.0;;;;;;;;;;
155;111006;9;1;3;2;2;3;1;1;1;1;1;2;1;1;4;1;1.0;1.0;1.0;1.0;2;2;44;2;0;1;1;9.0;0;4.0;220092;2.0;;;;;;;;2;1;3.0;2.0;;;4;0.3835082;4.0;4.0;4.0;4.0;4.0;4.0;2.0;1.0;2.0;2.0;2.0;2.0;2.0;2.0;2.0;1.0;2.0;1.0;1.0;2.0;1.0;2.0;2.0;2.0;1.0;1.0;1.0;1.0;1.0;1.0;1.0;1.0;1.0;1.0;2.0;2.0;6.0;2.0;3.0;1.0;5.0;3.0;3.0;3.0;3.0;1.0;1.0;;1.0;1.0;3.0;3.0;;;;;;;;;;2.0;2.0;2.0;;;;;;;;;;
156;111012;4;1;3;3;1;2;1;1;1;1;1;2;4;1;2;1;2.0;2.0;1.0;2.0;1;1;34;1;0;1;1;10.0;0;5.0;220092;2.0;;;;;;;;11;1;3.0;2.0;;;4;0.3848386;1.0;1.0;3.0;1.0;1.0;1.0;1.0;2.0;1.0;2.0;2.0;2.0;2.0;2.0;2.0;2.0;2.0;1.0;2.0;2.0;1.0;1.0;4.0;2.0;7.0;1.0;7.0;7.0;1.0;2.0;7.0;2.0;1.0;1.0;6.0;6.0;1.0;1.0;6.0;1.0;5.0;5.0;2.0;5.0;5.0;2.0;1.0;;3.0;1.0;3.0;3.0;;;;;;;;;;1.0;2.0;2.0;;;;;;;;;;
157;111016;12;1;3;2;2;3;1;1;1;1;1;2;2;1;4;1;2.0;1.0;1.0;2.0;2;1;54;2;0;1;1;6.0;0;3.0;220092;2.0;;;;;;;;8;1;4.0;2.0;;;5;0.3835493;4.0;4.0;4.0;3.0;4.0;4.0;2.0;1.0;1.0;2.0;2.0;1.0;2.0;2.0;2.0;2.0;2.0;2.0;2.0;1.0;2.0;1.0;3.0;2.0;5.0;1.0;1.0;3.0;2.0;5.0;1.0;5.0;1.0;1.0;2.0;2.0;2.0;2.0;2.0;2.0;2.0;3.0;2.0;2.0;5.0;99.0;1.0;;2.0;2.0;3.0;3.0;;;;;;;;;;2.0;2.0;2.0;;;;;;;;;;
158;111033;6;4;3;2;1;2;1;1;1;1;1;2;2;1;4;1;2.0;1.0;1.0;2.0;1;2;64;1;0;2;1;16.0;0;7.0;221014;2.0;;;;;;;;2;4;3.0;2.0;1.0;;6;1.287184;1.0;1.0;3.0;1.0;3.0;1.0;1.0;1.0;2.0;2.0;2.0;2.0;2.0;2.0;2.0;2.0;2.0;2.0;1.0;2.0;3.0;1.0;3.0;3.0;3.0;1.0;1.0;3.0;1.0;1.0;1.0;3.0;1.0;1.0;1.0;1.0;6.0;6.0;1.0;1.0;1.0;5.0;5.0;1.0;1.0;1.0;1.0;;2.0;1.0;3.0;3.0;;;;;;;;;;2.0;2.0;2.0;;;;;;;;;;
159;111035;8;4;3;1;2;2;1;1;1;1;1;2;4;1;4;1;2.0;1.0;1.0;2.0;2;1;36;2;0;2;1;6.0;0;3.0;221014;2.0;;;;;;;;3;1;3.0;1.0;;;4;0.3691412;2.0;4.0;3.0;3.0;2.0;4.0;2.0;2.0;1.0;2.0;2.0;1.0;2.0;2.0;2.0;2.0;2.0;2.0;4.0;2.0;2.0;1.0;3.0;3.0;1.0;1.0;7.0;6.0;6.0;4.0;6.0;5.0;7.0;7.0;6.0;6.0;6.0;3.0;6.0;3.0;3.0;3.0;1.0;5.0;3.0;6.0;1.0;;2.0;2.0;3.0;3.0;;;;;;;;;;2.0;2.0;2.0;;;;;;;;;;
160;111041;11;4;2;1;2;3;1;1;1;1;1;2;2;1;4;1;2.0;2.0;1.0;2.0;3;1;47;3;0;2;1;7.0;0;4.0;221014;2.0;;;;;;;;9;1;3.0;2.0;;;4;0.3575642;1.0;1.0;1.0;1.0;2.0;4.0;1.0;1.0;1.0;2.0;2.0;2.0;2.0;2.0;2.0;1.0;2.0;2.0;2.0;1.0;1.0;2.0;2.0;2.0;1.0;1.0;1.0;1.0;1.0;3.0;1.0;1.0;1.0;1.0;2.0;2.0;1.0;1.0;2.0;1.0;2.0;2.0;2.0;2.0;3.0;6.0;2.0;6.0;2.0;1.0;3.0;3.0;;;;;;;;;;2.0;2.0;2.0;;;;;;;;;;
161;111051;2;5;2;3;3;3;2;1;1;1;1;2;4;1;4;1;;;;;3;2;24;1;2;3;1;18.0;0;8.0;222005;;;;;;;;;4;6;;;2.0;;2;0.1055204;3.0;4.0;4.0;1.0;1.0;3.0;5.0;2.0;1.0;2.0;2.0;2.0;2.0;2.0;2.0;2.0;2.0;2.0;4.0;5.0;5.0;1.0;4.0;1.0;1.0;1.0;1.0;1.0;1.0;1.0;1.0;1.0;1.0;1.0;2.0;2.0;6.0;6.0;6.0;6.0;5.0;5.0;1.0;5.0;2.0;16.0;1.0;;3.0;4.0;3.0;3.0;;;;;;;;;;2.0;2.0;2.0;;;;;;;;;;
162;111055;6;5;2;4;1;3;2;1;1;1;1;2;4;1;4;1;;;;;1;2;38;1;0;3;1;9.0;0;4.0;222005;;;;;;;;;11;1;1.0;2.0;;;4;0.3166372;1.0;1.0;4.0;1.0;3.0;4.0;1.0;1.0;2.0;1.0;1.0;1.0;1.0;2.0;2.0;1.0;1.0;2.0;4.0;1.0;1.0;1.0;3.0;5.0;1.0;1.0;1.0;1.0;2.0;3.0;1.0;1.0;1.0;2.0;2.0;2.0;2.0;3.0;3.0;2.0;5.0;5.0;2.0;2.0;3.0;8.0;2.0;6.0;3.0;1.0;3.0;3.0;;;;;;;;;;2.0;2.0;2.0;;;;;;;;;;
163;111057;9;5;2;2;1;2;1;1;1;1;1;2;4;1;4;1;2.0;1.0;1.0;2.0;2;2;37;1;1;3;1;9.0;0;4.0;222005;2.0;;;;;;;;10;1;1.0;2.0;;;4;0.1582806;3.0;3.0;1.0;1.0;3.0;4.0;1.0;1.0;1.0;2.0;2.0;1.0;2.0;2.0;2.0;2.0;2.0;2.0;1.0;1.0;1.0;1.0;3.0;2.0;4.0;1.0;1.0;1.0;1.0;1.0;1.0;1.0;1.0;1.0;6.0;6.0;6.0;6.0;6.0;1.0;5.0;3.0;2.0;1.0;5.0;6.0;1.0;;2.0;1.0;3.0;3.0;;;;;;;;;;2.0;2.0;2.0;;;;;;;;;;
164;111061;6;5;2;4;1;4;1;1;1;1;1;2;6;1;2;1;2.0;2.0;1.0;2.0;3;2;46;2;1;3;1;10.0;0;5.0;222005;2.0;;;;;;;;7;1;2.0;1.0;;;4;0.2187992;1.0;1.0;1.0;1.0;4.0;4.0;2.0;2.0;2.0;1.0;2.0;2.0;1.0;1.0;2.0;2.0;2.0;2.0;1.0;3.0;1.0;1.0;4.0;1.0;1.0;1.0;1.0;1.0;1.0;1.0;1.0;1.0;7.0;7.0;2.0;2.0;6.0;6.0;2.0;2.0;5.0;5.0;2.0;2.0;5.0;16.0;1.0;;3.0;2.0;3.0;3.0;;;;;;;;;;2.0;2.0;2.0;;;;;;;;;;
165;111080;6;6;2;2;1;3;1;1;1;1;1;1;5;2;4;1;2.0;2.0;1.0;2.0;3;2;53;1;2;3;1;10.0;0;5.0;222007;2.0;2.0;2.0;1.0;2.0;2.0;2.0;2.0;6;1;4.0;3.0;;;5;0.1055204;1.0;4.0;1.0;3.0;2.0;2.0;2.0;1.0;1.0;2.0;1.0;2.0;2.0;2.0;2.0;2.0;2.0;2.0;2.0;1.0;2.0;1.0;3.0;3.0;1.0;1.0;7.0;3.0;7.0;1.0;1.0;1.0;1.0;7.0;2.0;2.0;1.0;2.0;3.0;1.0;3.0;1.0;1.0;5.0;1.0;5.0;1.0;;3.0;1.0;3.0;3.0;;;;;;;;;;2.0;2.0;2.0;;;;;;;;;;
166;111081;2;6;2;3;3;3;2;1;1;1;1;2;3;3;1;2;;;;;2;2;38;1;1;3;1;10.0;0;5.0;222007;;2.0;2.0;1.0;2.0;2.0;2.0;2.0;3;2;4.0;1.0;1.0;;4;0.1582806;1.0;1.0;4.0;3.0;4.0;4.0;5.0;1.0;2.0;2.0;1.0;2.0;2.0;2.0;2.0;2.0;1.0;2.0;2.0;1.0;1.0;1.0;4.0;2.0;1.0;2.0;1.0;2.0;7.0;1.0;1.0;1.0;1.0;7.0;2.0;2.0;6.0;6.0;2.0;1.0;5.0;9.0;2.0;2.0;3.0;16.0;9.0;;1.0;1.0;4.0;4.0;;;;;;;;;;2.0;2.0;2.0;;;;;;;;;;
167;111087;7;7;2;2;1;2;1;1;1;1;1;2;1;1;4;1;2.0;1.0;1.0;2.0;1;2;66;1;0;4;1;18.0;0;8.0;223001;2.0;;;;;;;;6;6;;;2.0;;6;1.022205;1.0;1.0;4.0;1.0;4.0;1.0;2.0;2.0;2.0;2.0;1.0;2.0;1.0;2.0;2.0;2.0;1.0;2.0;1.0;1.0;1.0;2.0;3.0;3.0;3.0;1.0;1.0;1.0;1.0;2.0;9.0;3.0;1.0;2.0;2.0;1.0;6.0;6.0;3.0;1.0;5.0;2.0;2.0;2.0;5.0;4.0;1.0;;2.0;1.0;3.0;3.0;;;;;;;;;;2.0;2.0;2.0;;;;;;;;;;
168;111089;15;7;2;3;1;3;2;1;1;1;2;2;4;2;2;1;;;;;5;1;30;2;3;4;1;10.0;0;5.0;223001;;2.0;2.0;1.0;2.0;2.0;2.0;2.0;4;1;3.0;1.0;;;4;0.1897355;4.0;6.0;3.0;3.0;1.0;1.0;5.0;2.0;1.0;2.0;2.0;2.0;2.0;2.0;2.0;2.0;2.0;2.0;4.0;3.0;1.0;1.0;3.0;1.0;1.0;1.0;7.0;1.0;7.0;1.0;1.0;1.0;7.0;7.0;6.0;6.0;6.0;6.0;6.0;6.0;5.0;5.0;2.0;5.0;2.0;16.0;1.0;;3.0;3.0;3.0;3.0;;;;;;;;;;2.0;2.0;2.0;;;;;;;;;;
169;111091;14;7;2;3;1;3;2;1;1;1;1;2;4;1;3;1;;;;;4;1;45;2;2;4;1;10.0;0;5.0;223001;;;;;;;;;7;1;3.0;2.0;;;4;0.1421511;3.0;3.0;3.0;2.0;2.0;3.0;2.0;2.0;1.0;2.0;2.0;1.0;2.0;2.0;2.0;1.0;2.0;2.0;2.0;2.0;2.0;2.0;3.0;2.0;1.0;2.0;1.0;2.0;2.0;2.0;1.0;2.0;1.0;2.0;2.0;2.0;2.0;2.0;3.0;2.0;3.0;2.0;2.0;1.0;2.0;5.0;2.0;4.0;2.0;2.0;3.0;1.0;2.0;2.0;2.0;1.0;2.0;;5.0;1.0;2.0;2.0;2.0;2.0;;1.0;;2.0;2.0;2.0;2.0;2.0;;2.0
170;111097;15;7;2;2;1;3;1;1;1;1;1;2;2;1;4;1;1.0;1.0;1.0;2.0;3;1;60;2;1;4;1;16.0;0;7.0;223001;2.0;;;;;;;;10;4;1.0;2.0;1.0;;6;0.1895386;1.0;1.0;1.0;1.0;1.0;1.0;1.0;1.0;2.0;1.0;2.0;2.0;2.0;2.0;2.0;1.0;2.0;2.0;2.0;2.0;1.0;2.0;3.0;3.0;1.0;1.0;1.0;2.0;1.0;3.0;1.0;1.0;1.0;1.0;2.0;2.0;6.0;6.0;3.0;2.0;3.0;5.0;2.0;3.0;2.0;5.0;2.0;4.0;2.0;1.0;3.0;3.0;;;;;;;;;;2.0;2.0;2.0;;;;;;;;;;
171;111102;4;7;2;3;3;3;2;1;1;1;1;2;4;2;4;1;;;;;1;1;42;1;0;4;1;19.0;0;8.0;223001;;2.0;2.0;1.0;2.0;2.0;2.0;2.0;4;7;3.0;7.0;1.0;;4;1.023488;4.0;4.0;4.0;2.0;4.0;4.0;2.0;2.0;1.0;2.0;2.0;1.0;2.0;2.0;2.0;2.0;2.0;2.0;4.0;1.0;1.0;1.0;4.0;2.0;2.0;2.0;7.0;2.0;2.0;2.0;2.0;2.0;2.0;2.0;6.0;6.0;6.0;6.0;6.0;6.0;3.0;3.0;3.0;5.0;3.0;16.0;1.0;;3.0;4.0;3.0;3.0;;;;;;;;;;1.0;2.0;2.0;;;;;;;;;;
172;111105;15;7;3;2;1;4;1;1;1;1;1;2;4;1;4;3;2.0;2.0;1.0;2.0;2;1;74;2;0;4;1;17.0;0;7.0;223001;2.0;;;;;;;;6;5;7.0;1.0;1.0;0.0;6;0.2843028;2.0;2.0;2.0;2.0;1.0;4.0;1.0;2.0;2.0;2.0;2.0;1.0;1.0;2.0;2.0;2.0;2.0;2.0;4.0;5.0;1.0;2.0;4.0;1.0;3.0;2.0;7.0;1.0;7.0;7.0;7.0;7.0;7.0;7.0;2.0;2.0;6.0;6.0;2.0;1.0;5.0;5.0;5.0;5.0;1.0;16.0;1.0;;3.0;1.0;3.0;1.0;2.0;1.0;2.0;1.0;2.0;;2.0;2.0;1.0;2.0;2.0;2.0;;2.0;;2.0;1.0;2.0;2.0;2.0;;2.0
891;114721;9;6;2;2;1;3;2;2;1;1;1;2;2;1;4;1;;;;;2;2;75;2;0;3;1;16.0;0;7.0;222007;;;;;;;;;10;4;1.0;2.0;1.0;;7;1.134567;2.0;2.0;3.0;1.0;3.0;2.0;2.0;2.0;1.0;2.0;2.0;1.0;1.0;2.0;2.0;2.0;2.0;2.0;2.0;2.0;2.0;1.0;6.0;3.0;1.0;9.0;2.0;9.0;9.0;2.0;1.0;2.0;9.0;3.0;2.0;1.0;9.0;2.0;3.0;2.0;9.0;5.0;9.0;2.0;9.0;16.0;2.0;7.0;2.0;2.0;3.0;3.0;;;;;;;;;;2.0;2.0;2.0;;;;;;;;;;
923;114909;8;1;3;2;2;3;1;1;1;1;1;2;1;1;4;1;1.0;1.0;1.0;2.0;2;1;72;2;0;1;1;16.0;0;7.0;220092;2.0;;;;;;;;6;4;7.0;2.0;1.0;1.0;6;1.380569;4.0;4.0;4.0;4.0;4.0;4.0;2.0;2.0;2.0;2.0;2.0;2.0;2.0;2.0;2.0;2.0;2.0;2.0;9.0;3.0;2.0;2.0;1.0;3.0;6.0;7.0;7.0;1.0;7.0;1.0;7.0;7.0;7.0;7.0;2.0;6.0;6.0;2.0;6.0;1.0;5.0;5.0;5.0;5.0;5.0;4.0;1.0;;2.0;1.0;3.0;3.0;;;;;;;;;;2.0;2.0;2.0;1.0;;;;;;;;;
929;114956;11;1;3;2;2;3;1;1;1;1;1;2;2;1;4;1;2.0;2.0;1.0;2.0;2;1;71;2;0;1;1;16.0;0;7.0;220079;2.0;;;;;;;;8;4;4.0;2.0;1.0;;6;1.380566;2.0;1.0;1.0;1.0;4.0;4.0;2.0;2.0;2.0;1.0;2.0;2.0;2.0;1.0;2.0;1.0;2.0;2.0;2.0;1.0;2.0;1.0;3.0;4.0;3.0;3.0;3.0;4.0;3.0;3.0;3.0;3.0;1.0;2.0;2.0;2.0;2.0;6.0;4.0;1.0;3.0;3.0;2.0;2.0;5.0;4.0;1.0;;1.0;1.0;2.0;3.0;;;;;;;;;;2.0;2.0;2.0;;;;;;;;;;
951;115048;7;1;3;2;1;4;1;1;1;1;1;2;2;1;4;1;1.0;1.0;1.0;1.0;2;2;64;2;0;1;1;16.0;0;7.0;220058;2.0;;;;;;;;7;4;3.0;2.0;1.0;;6;0.3840564;1.0;1.0;4.0;1.0;1.0;1.0;2.0;2.0;2.0;2.0;2.0;1.0;2.0;2.0;2.0;2.0;2.0;2.0;2.0;1.0;2.0;1.0;3.0;2.0;1.0;1.0;7.0;1.0;1.0;1.0;1.0;7.0;1.0;1.0;1.0;2.0;6.0;6.0;6.0;3.0;5.0;2.0;1.0;5.0;5.0;5.0;1.0;;3.0;1.0;3.0;3.0;;;;;;;;;;2.0;2.0;2.0;;;;;;;;;;
956;115061;6;1;3;2;1;4;1;1;1;1;1;2;3;1;4;1;1.0;1.0;1.0;2.0;1;1;68;1;0;1;1;16.0;0;7.0;220079;2.0;;;;;;;;7;4;3.0;2.0;1.0;;6;1.380569;1.0;1.0;1.0;1.0;4.0;1.0;1.0;1.0;1.0;1.0;2.0;1.0;1.0;2.0;2.0;1.0;1.0;2.0;2.0;3.0;2.0;1.0;4.0;4.0;2.0;3.0;1.0;6.0;2.0;2.0;2.0;2.0;2.0;2.0;2.0;2.0;6.0;2.0;3.0;2.0;3.0;2.0;2.0;1.0;1.0;4.0;1.0;;2.0;3.0;3.0;3.0;;;;;;;;;;2.0;2.0;2.0;;;;;;;;;;
966;115089;6;1;3;2;1;3;1;1;1;1;1;2;2;1;4;3;1.0;1.0;1.0;2.0;2;1;68;2;0;1;1;16.0;0;7.0;220092;2.0;;;;;;;;7;4;3.0;2.0;1.0;;6;1.380569;1.0;1.0;4.0;1.0;4.0;3.0;2.0;1.0;1.0;2.0;2.0;1.0;2.0;2.0;2.0;2.0;2.0;2.0;1.0;2.0;2.0;2.0;3.0;3.0;1.0;2.0;1.0;1.0;1.0;3.0;1.0;2.0;1.0;1.0;2.0;2.0;1.0;3.0;2.0;2.0;3.0;2.0;2.0;2.0;1.0;16.0;2.0;2.0;3.0;1.0;3.0;3.0;;;;;;;;;;2.0;2.0;2.0;;;;;;;;;;
982;115156;15;1;3;2;2;3;1;1;1;1;1;2;4;1;4;1;1.0;1.0;1.0;2.0;2;1;66;2;0;1;1;16.0;0;7.0;220079;2.0;;;;;;;;6;4;7.0;2.0;1.0;0.0;6;0.3840564;1.0;1.0;1.0;1.0;4.0;4.0;3.0;2.0;1.0;2.0;2.0;2.0;2.0;2.0;2.0;2.0;2.0;2.0;9.0;4.0;4.0;2.0;1.0;2.0;1.0;2.0;2.0;2.0;7.0;7.0;7.0;2.0;2.0;2.0;6.0;2.0;6.0;6.0;6.0;1.0;3.0;3.0;3.0;1.0;1.0;5.0;1.0;;3.0;1.0;3.0;3.0;;;;;;;;;;2.0;2.0;2.0;;;;;;;;;;
1001;115240;5;5;2;2;2;4;1;1;1;1;1;2;1;1;4;1;1.0;1.0;1.0;2.0;2;1;65;2;0;3;1;16.0;0;7.0;222005;2.0;;;;;;;;7;4;3.0;2.0;1.0;;6;0.3165613;4.0;4.0;4.0;4.0;4.0;4.0;4.0;2.0;2.0;2.0;2.0;1.0;1.0;2.0;2.0;2.0;1.0;2.0;2.0;2.0;2.0;2.0;3.0;3.0;1.0;1.0;1.0;1.0;7.0;1.0;7.0;1.0;1.0;7.0;2.0;6.0;6.0;6.0;3.0;2.0;5.0;5.0;2.0;2.0;5.0;5.0;1.0;;3.0;2.0;3.0;3.0;;;;;;;;;;2.0;2.0;2.0;;;;;;;;;;
1069;115490;7;5;2;2;1;2;2;1;1;1;1;2;2;1;4;1;;;;;1;2;59;1;0;3;1;6.0;0;3.0;222005;;;;;;;;;11;1;1.0;2.0;;;5;0.4944469;1.0;1.0;1.0;1.0;3.0;2.0;1.0;2.0;1.0;1.0;2.0;2.0;2.0;2.0;2.0;2.0;2.0;1.0;2.0;2.0;1.0;1.0;5.0;2.0;1.0;1.0;1.0;1.0;7.0;1.0;1.0;1.0;1.0;1.0;1.0;6.0;6.0;6.0;3.0;1.0;5.0;5.0;1.0;1.0;5.0;16.0;1.0;;3.0;1.0;3.0;4.0;;;;;;;;;;2.0;2.0;2.0;;;;;;;;;;
1089;115545;10;1;3;4;2;4;1;1;1;1;1;2;2;1;4;1;2.0;1.0;1.0;2.0;2;1;28;2;0;1;1;8.0;0;4.0;220092;2.0;;;;;;;;11;1;3.0;2.0;;;3;0.3834913;2.0;1.0;3.0;2.0;4.0;4.0;2.0;1.0;1.0;2.0;2.0;2.0;1.0;2.0;2.0;2.0;2.0;2.0;1.0;2.0;2.0;1.0;3.0;3.0;2.0;4.0;3.0;4.0;4.0;5.0;3.0;4.0;3.0;7.0;3.0;3.0;3.0;4.0;4.0;3.0;3.0;3.0;3.0;3.0;3.0;7.0;1.0;;3.0;1.0;4.0;4.0;;;;;;;;;;2.0;2.0;2.0;;;;;;;;;;
1141;115772;12;1;3;2;2;3;1;2;1;1;1;2;4;2;4;1;1.0;1.0;1.0;2.0;2;1;54;2;0;1;1;16.0;0;7.0;220030;2.0;2.0;2.0;1.0;2.0;2.0;2.0;2.0;7;4;1.0;2.0;1.0;;5;0.7892613;4.0;2.0;1.0;3.0;3.0;4.0;5.0;1.0;2.0;1.0;2.0;2.0;2.0;2.0;1.0;2.0;2.0;2.0;4.0;1.0;1.0;1.0;5.0;4.0;6.0;7.0;1.0;6.0;7.0;5.0;5.0;7.0;7.0;7.0;3.0;3.0;6.0;6.0;4.0;3.0;5.0;5.0;5.0;1.0;5.0;5.0;1.0;;1.0;1.0;3.0;1.0;2.0;2.0;1.0;2.0;2.0;;2.0;2.0;1.0;2.0;2.0;2.0;;2.0;;1.0;2.0;2.0;2.0;2.0;;2.0
1146;115789;4;1;3;2;1;4;1;1;1;1;1;2;5;2;4;1;1.0;1.0;1.0;2.0;3;2;45;3;0;1;1;10.0;0;5.0;220030;2.0;2.0;1.0;2.0;2.0;2.0;2.0;2.0;3;1;4.0;2.0;;;4;0.3836091;1.0;1.0;2.0;2.0;1.0;3.0;2.0;2.0;2.0;2.0;2.0;1.0;2.0;2.0;2.0;1.0;2.0;2.0;2.0;2.0;1.0;2.0;3.0;2.0;1.0;2.0;1.0;2.0;1.0;1.0;7.0;1.0;2.0;2.0;1.0;3.0;2.0;3.0;3.0;2.0;3.0;3.0;3.0;3.0;1.0;2.0;1.0;;2.0;2.0;3.0;3.0;;;;;;;;;;2.0;2.0;1.0;;;;;;;;;;
1161;115844;11;1;3;2;2;3;1;1;1;1;1;2;2;1;4;1;1.0;1.0;1.0;2.0;2;1;53;2;0;1;1;11.0;0;6.0;220030;2.0;;;;;;;;7;1;3.0;2.0;;;5;0.3834913;1.0;1.0;1.0;1.0;4.0;4.0;2.0;1.0;1.0;1.0;2.0;2.0;2.0;2.0;2.0;2.0;2.0;2.0;2.0;2.0;2.0;1.0;5.0;2.0;1.0;1.0;1.0;2.0;2.0;2.0;1.0;2.0;1.0;2.0;2.0;2.0;2.0;2.0;3.0;2.0;2.0;5.0;1.0;1.0;5.0;6.0;1.0;;2.0;1.0;3.0;3.0;;;;;;;;;;2.0;2.0;2.0;;;;;;;;;;
1165;115870;15;7;2;2;2;2;1;1;1;1;1;2;4;1;3;1;2.0;1.0;1.0;2.0;3;1;53;2;1;4;1;10.0;0;5.0;223001;2.0;;;;;;;;9;1;4.0;2.0;;;5;0.1895349;3.0;1.0;3.0;1.0;2.0;2.0;2.0;1.0;2.0;1.0;2.0;2.0;2.0;2.0;2.0;1.0;2.0;2.0;2.0;2.0;3.0;2.0;3.0;4.0;1.0;2.0;2.0;3.0;1.0;4.0;1.0;2.0;2.0;2.0;2.0;2.0;2.0;2.0;4.0;2.0;3.0;2.0;1.0;2.0;1.0;6.0;1.0;;3.0;1.0;3.0;1.0;2.0;1.0;1.0;1.0;2.0;;2.0;1.0;1.0;2.0;2.0;2.0;;2.0;;2.0;2.0;2.0;2.0;2.0;;2.0
1168;115881;11;4;2;3;2;4;2;1;1;1;1;2;4;1;4;1;;;;;3;1;52;3;0;2;1;11.0;0;6.0;221014;;;;;;;;;7;1;3.0;2.0;;;5;0.7620431;1.0;1.0;4.0;4.0;2.0;4.0;2.0;2.0;1.0;2.0;2.0;2.0;2.0;2.0;2.0;1.0;2.0;2.0;4.0;2.0;2.0;1.0;3.0;1.0;1.0;3.0;1.0;3.0;1.0;3.0;1.0;3.0;2.0;2.0;6.0;6.0;6.0;2.0;6.0;6.0;3.0;3.0;3.0;3.0;3.0;4.0;2.0;4.0;3.0;2.0;3.0;3.0;;;;;;;;;;1.0;2.0;2.0;;;;;;;;;;
1175;115912;9;1;3;2;1;4;1;1;1;1;1;2;2;1;4;1;1.0;1.0;1.0;2.0;1;2;52;1;0;1;1;6.0;0;3.0;220092;2.0;;;;;;;;7;1;1.0;2.0;;;5;0.3842549;2.0;2.0;4.0;2.0;3.0;3.0;2.0;1.0;2.0;1.0;2.0;2.0;2.0;2.0;2.0;2.0;2.0;1.0;2.0;2.0;1.0;2.0;5.0;2.0;2.0;2.0;2.0;3.0;7.0;3.0;3.0;3.0;1.0;7.0;2.0;2.0;6.0;6.0;3.0;2.0;2.0;2.0;2.0;2.0;1.0;6.0;1.0;;1.0;1.0;3.0;3.0;;;;;;;;;;2.0;2.0;2.0;;;;;;;;;;
1187;115950;12;2;3;2;2;3;1;1;1;1;1;2;2;1;4;1;2.0;1.0;1.0;2.0;2;1;51;2;0;2;1;9.0;0;4.0;221014;2.0;;;;;;;;11;1;3.0;2.0;;;5;0.3575635;1.0;1.0;4.0;1.0;3.0;2.0;2.0;2.0;1.0;1.0;2.0;2.0;2.0;2.0;2.0;2.0;1.0;2.0;2.0;2.0;2.0;1.0;4.0;4.0;5.0;5.0;1.0;5.0;7.0;5.0;7.0;5.0;2.0;7.0;2.0;2.0;6.0;6.0;3.0;2.0;3.0;5.0;1.0;1.0;2.0;4.0;2.0;98.0;3.0;1.0;3.0;1.0;1.0;2.0;2.0;1.0;2.0;;2.0;2.0;1.0;2.0;2.0;2.0;;2.0;;2.0;2.0;2.0;2.0;2.0;;2.0
1262;116218;10;1;3;2;2;3;1;1;1;1;1;2;4;1;4;1;1.0;2.0;1.0;2.0;3;1;47;2;1;1;1;8.0;0;4.0;220079;2.0;;;;;;;;11;1;3.0;2.0;;;4;0.9194492;4.0;4.0;2.0;4.0;1.0;3.0;1.0;1.0;2.0;2.0;2.0;1.0;2.0;2.0;2.0;1.0;2.0;2.0;2.0;2.0;1.0;2.0;5.0;3.0;1.0;1.0;3.0;4.0;7.0;3.0;1.0;1.0;1.0;7.0;2.0;2.0;6.0;2.0;3.0;2.0;5.0;5.0;2.0;1.0;1.0;3.0;2.0;5.0;2.0;1.0;3.0;1.0;2.0;1.0;2.0;2.0;1.0;;3.0;2.0;1.0;2.0;2.0;2.0;;2.0;;2.0;2.0;2.0;2.0;2.0;;2.0
1273;116246;15;7;2;3;1;4;2;1;1;1;1;2;2;1;4;1;;;;;1;2;56;1;0;4;1;9.0;0;4.0;223001;;;;;;;;;7;1;1.0;2.0;;;5;1.022661;1.0;1.0;3.0;1.0;1.0;1.0;2.0;2.0;1.0;2.0;2.0;2.0;2.0;1.0;2.0;2.0;2.0;2.0;4.0;3.0;2.0;1.0;2.0;4.0;5.0;3.0;9.0;5.0;4.0;4.0;3.0;4.0;3.0;4.0;2.0;3.0;3.0;2.0;3.0;2.0;3.0;3.0;3.0;3.0;3.0;6.0;1.0;;3.0;1.0;3.0;3.0;;;;;;;;;;2.0;1.0;1.0;;;;;;;;;;
1353;116558;9;7;1;2;1;2;2;1;1;1;1;2;3;2;4;1;;;;;1;2;46;1;0;4;1;9.0;0;4.0;223001;;2.0;2.0;1.0;2.0;2.0;2.0;2.0;11;1;1.0;2.0;;;4;0.9670687;1.0;3.0;3.0;3.0;4.0;3.0;2.0;2.0;2.0;1.0;2.0;2.0;2.0;2.0;1.0;2.0;1.0;2.0;2.0;2.0;1.0;1.0;3.0;3.0;3.0;1.0;1.0;3.0;1.0;3.0;1.0;3.0;1.0;1.0;3.0;6.0;1.0;2.0;3.0;1.0;5.0;5.0;2.0;2.0;3.0;4.0;1.0;;3.0;1.0;9.0;3.0;;;;;;;;;;2.0;2.0;2.0;;;;;;;;;;
1380;116672;9;4;2;1;1;2;1;1;1;1;1;1;2;1;4;1;2.0;2.0;1.0;2.0;2;1;22;2;0;2;1;10.0;0;5.0;221014;2.0;;;;;;;;7;1;3.0;2.0;;;2;1.270424;3.0;2.0;1.0;1.0;3.0;1.0;2.0;2.0;1.0;2.0;2.0;1.0;1.0;2.0;2.0;1.0;2.0;2.0;4.0;3.0;1.0;1.0;3.0;2.0;2.0;7.0;1.0;2.0;2.0;2.0;2.0;2.0;7.0;1.0;6.0;6.0;2.0;6.0;3.0;4.0;5.0;5.0;5.0;2.0;5.0;4.0;2.0;2.0;3.0;2.0;3.0;3.0;;;;;;;;;;2.0;2.0;2.0;;;;;;;;;;
1426;116835;11;1;3;2;2;3;1;1;1;1;1;2;2;1;4;1;1.0;2.0;1.0;2.0;3;1;38;2;1;1;1;2.0;0;2.0;220092;2.0;;;;;;;;7;1;7.0;2.0;;6.0;4;0.9203792;1.0;1.0;4.0;1.0;3.0;4.0;2.0;2.0;2.0;2.0;2.0;2.0;2.0;1.0;2.0;1.0;2.0;2.0;4.0;3.0;2.0;2.0;4.0;2.0;1.0;1.0;1.0;1.0;7.0;1.0;1.0;1.0;1.0;7.0;1.0;6.0;6.0;6.0;2.0;1.0;2.0;2.0;1.0;1.0;2.0;4.0;1.0;;1.0;1.0;3.0;3.0;;;;;;;;;;2.0;2.0;1.0;;;;;;;;;;
1451;116964;11;4;1;4;2;2;2;1;1;1;1;2;3;1;4;1;;;;;2;1;31;2;0;2;1;11.0;0;6.0;221014;;;;;;;;;7;1;3.0;2.0;;;4;1.28669;2.0;4.0;2.0;2.0;3.0;3.0;1.0;1.0;1.0;2.0;2.0;2.0;2.0;2.0;2.0;1.0;2.0;2.0;2.0;2.0;1.0;1.0;3.0;2.0;1.0;1.0;1.0;3.0;1.0;2.0;1.0;2.0;2.0;2.0;2.0;2.0;2.0;2.0;4.0;2.0;3.0;2.0;2.0;1.0;3.0;3.0;9.0;;3.0;2.0;3.0;3.0;;;;;;;;;;2.0;2.0;2.0;;;;;;;;;;
1489;117154;1;7;2;3;3;2;2;1;1;2;1;2;5;2;1;2;;;;;3;2;30;2;1;4;1;10.0;0;5.0;223001;;2.0;2.0;1.0;2.0;2.0;2.0;2.0;7;2;1.0;6.0;1.0;;4;0.6823083;4.0;4.0;4.0;4.0;4.0;4.0;2.0;2.0;1.0;2.0;2.0;1.0;2.0;2.0;2.0;2.0;2.0;2.0;4.0;4.0;1.0;1.0;4.0;3.0;1.0;7.0;1.0;1.0;1.0;1.0;1.0;1.0;1.0;1.0;6.0;6.0;1.0;1.0;1.0;1.0;5.0;5.0;5.0;2.0;5.0;1.0;2.0;2.0;3.0;1.0;3.0;3.0;;;;;;;;;;2.0;2.0;2.0;;;;;;;;;;
1614;137284;11;1;3;2;2;4;1;1;1;1;1;2;2;1;2;1;1.0;1.0;1.0;2.0;4;1;40;3;1;1;1;8.0;0;4.0;220079;2.0;;;;;;;;10;1;1.0;2.0;;;4;1.054757;2.0;2.0;2.0;2.0;4.0;3.0;2.0;2.0;1.0;1.0;2.0;2.0;1.0;2.0;2.0;2.0;2.0;2.0;1.0;2.0;1.0;2.0;2.0;4.0;1.0;1.0;1.0;1.0;1.0;1.0;1.0;1.0;1.0;1.0;2.0;2.0;2.0;2.0;2.0;2.0;3.0;2.0;3.0;3.0;3.0;4.0;1.0;;2.0;1.0;3.0;3.0;;;;;;;;;;2.0;2.0;2.0;;;;;;;;;;
1639;170023;6;1;3;1;1;2;1;1;1;1;1;1;4;1;4;1;2.0;2.0;1.0;2.0;1;2;27;1;0;1;1;6.0;0;3.0;220079;2.0;;;;;;;;12;1;3.0;2.0;;;3;0.405238;3.0;3.0;4.0;3.0;3.0;4.0;2.0;2.0;1.0;2.0;2.0;1.0;2.0;2.0;2.0;2.0;2.0;2.0;2.0;2.0;2.0;1.0;3.0;2.0;3.0;3.0;2.0;3.0;3.0;4.0;2.0;4.0;2.0;3.0;3.0;3.0;3.0;3.0;3.0;3.0;3.0;3.0;1.0;2.0;5.0;4.0;1.0;;1.0;1.0;3.0;3.0;;;;;;;;;;1.0;2.0;2.0;;;;;;;;;;
1662;170148;15;5;2;2;1;3;1;1;1;1;1;2;2;1;4;1;1.0;1.0;1.0;2.0;2;1;77;2;0;3;1;16.0;0;7.0;222005;2.0;;;;;;;;10;4;3.0;2.0;1.0;;7;1.124831;1.0;1.0;4.0;1.0;9.0;9.0;9.0;2.0;2.0;1.0;2.0;1.0;2.0;1.0;2.0;2.0;2.0;2.0;9.0;2.0;1.0;1.0;4.0;2.0;2.0;1.0;1.0;1.0;9.0;1.0;9.0;9.0;1.0;9.0;1.0;9.0;9.0;9.0;2.0;1.0;9.0;9.0;2.0;1.0;9.0;4.0;1.0;;3.0;2.0;3.0;3.0;;;;;;;;;;2.0;2.0;2.0;;;;;;;;;;
1681;170234;14;1;3;2;3;3;1;1;1;1;1;2;4;1;4;1;2.0;2.0;1.0;1.0;1;2;77;1;0;1;1;18.0;0;8.0;220079;2.0;;;;;;;;2;6;;;2.0;;7;0.3834913;1.0;1.0;1.0;6.0;4.0;9.0;2.0;2.0;1.0;2.0;2.0;2.0;1.0;2.0;2.0;2.0;2.0;2.0;4.0;4.0;5.0;2.0;5.0;2.0;7.0;2.0;7.0;2.0;7.0;2.0;2.0;2.0;7.0;7.0;1.0;2.0;6.0;6.0;6.0;1.0;5.0;5.0;2.0;5.0;5.0;16.0;1.0;;3.0;4.0;3.0;3.0;;;;;;;;;;2.0;2.0;2.0;;;;;;;;;;
1743;170569;6;1;3;2;2;4;1;1;1;1;1;2;3;1;4;1;2.0;1.0;1.0;2.0;4;1;36;2;2;1;1;12.0;0;6.0;220079;2.0;;;;;;;;3;1;3.0;2.0;;;4;0.1917457;1.0;1.0;1.0;1.0;1.0;1.0;1.0;1.0;1.0;2.0;1.0;2.0;2.0;2.0;2.0;2.0;2.0;2.0;2.0;3.0;2.0;1.0;4.0;3.0;1.0;1.0;7.0;1.0;1.0;1.0;1.0;1.0;1.0;1.0;2.0;2.0;6.0;2.0;3.0;1.0;2.0;2.0;1.0;5.0;5.0;2.0;2.0;2.0;3.0;2.0;3.0;3.0;;;;;;;;;;2.0;2.0;2.0;;;;;;;;;;
1763;170658;7;1;3;2;1;3;2;2;1;1;1;2;2;1;4;1;;;;;2;1;69;2;0;1;1;16.0;0;7.0;220079;;;;;;;;;2;4;2.0;2.0;1.0;;6;0.3834914;3.0;3.0;4.0;1.0;4.0;4.0;2.0;2.0;2.0;2.0;2.0;1.0;1.0;2.0;2.0;1.0;2.0;2.0;2.0;2.0;1.0;1.0;6.0;1.0;1.0;2.0;1.0;3.0;1.0;1.0;2.0;3.0;2.0;3.0;2.0;2.0;3.0;3.0;4.0;2.0;3.0;3.0;1.0;2.0;3.0;7.0;2.0;10.0;1.0;1.0;3.0;3.0;;;;;;;;;;2.0;2.0;2.0;;;;;;;;;;
1808;170883;11;4;2;2;1;2;1;1;1;1;1;2;2;1;4;1;2.0;1.0;1.0;2.0;2;1;64;2;0;2;1;16.0;0;7.0;221014;2.0;;;;;;;;7;4;3.0;2.0;1.0;;6;0.358186;4.0;4.0;4.0;4.0;4.0;4.0;1.0;2.0;1.0;2.0;2.0;2.0;1.0;2.0;2.0;2.0;2.0;1.0;2.0;2.0;1.0;1.0;3.0;2.0;1.0;7.0;1.0;3.0;7.0;1.0;1.0;1.0;7.0;7.0;1.0;1.0;6.0;6.0;2.0;2.0;5.0;5.0;5.0;5.0;5.0;8.0;1.0;;1.0;1.0;3.0;3.0;;;;;;;;;;2.0;2.0;2.0;;;;;;;;;;
1849;171056;6;7;2;3;1;2;2;1;1;2;1;2;3;1;4;3;;;;;1;1;61;1;0;4;1;16.0;0;7.0;223001;;;;;;;;;10;4;1.0;2.0;1.0;;6;1.023488;2.0;1.0;4.0;2.0;3.0;4.0;1.0;1.0;2.0;2.0;2.0;1.0;2.0;2.0;2.0;2.0;2.0;1.0;1.0;2.0;1.0;1.0;3.0;2.0;1.0;1.0;1.0;3.0;1.0;3.0;1.0;7.0;1.0;1.0;1.0;2.0;2.0;2.0;3.0;6.0;3.0;3.0;2.0;1.0;1.0;5.0;1.0;;2.0;1.0;3.0;4.0;;;;;;;;;;2.0;2.0;2.0;;;;;;;;;;
1881;171166;13;7;2;2;1;2;1;1;1;1;1;2;1;1;4;3;2.0;2.0;1.0;2.0;2;1;60;2;0;4;1;16.0;0;7.0;223001;2.0;;;;;;;;12;4;3.0;2.0;1.0;;6;1.023488;1.0;1.0;2.0;3.0;2.0;2.0;2.0;2.0;2.0;1.0;2.0;2.0;2.0;2.0;2.0;1.0;2.0;1.0;2.0;2.0;2.0;1.0;3.0;2.0;6.0;1.0;1.0;6.0;1.0;3.0;2.0;7.0;1.0;1.0;6.0;6.0;6.0;6.0;3.0;6.0;5.0;3.0;2.0;2.0;2.0;4.0;2.0;8.0;3.0;1.0;3.0;1.0;2.0;1.0;2.0;1.0;2.0;;2.0;1.0;2.0;2.0;2.0;2.0;;2.0;;2.0;2.0;2.0;2.0;2.0;;2.0
1901;171250;8;1;3;1;2;2;1;1;1;2;1;2;2;1;4;1;2.0;2.0;1.0;2.0;3;2;50;3;0;1;1;10.0;0;5.0;220058;2.0;;;;;;;;7;1;1.0;2.0;;;5;0.3835311;2.0;2.0;4.0;1.0;4.0;4.0;5.0;2.0;2.0;1.0;1.0;2.0;2.0;2.0;2.0;1.0;2.0;2.0;3.0;4.0;1.0;2.0;4.0;2.0;1.0;1.0;1.0;1.0;1.0;1.0;1.0;1.0;1.0;1.0;2.0;2.0;1.0;1.0;3.0;1.0;5.0;5.0;5.0;5.0;5.0;6.0;1.0;;2.0;1.0;3.0;3.0;;;;;;;;;;2.0;2.0;2.0;;;;;;;;;;
1902;171251;7;1;3;2;3;3;1;1;1;1;1;2;1;1;4;1;1.0;1.0;1.0;2.0;2;1;60;2;0;1;1;11.0;0;6.0;220092;2.0;;;;;;;;2;1;4.0;2.0;;;6;0.3834913;4.0;4.0;4.0;4.0;4.0;4.0;2.0;2.0;2.0;2.0;2.0;1.0;2.0;2.0;2.0;2.0;2.0;2.0;4.0;4.0;1.0;2.0;4.0;1.0;1.0;1.0;1.0;2.0;1.0;2.0;2.0;2.0;1.0;2.0;1.0;1.0;2.0;2.0;2.0;2.0;3.0;3.0;3.0;3.0;3.0;16.0;1.0;;3.0;1.0;3.0;3.0;;;;;;;;;;2.0;2.0;2.0;;;;;;;;;;
1945;171389;9;1;3;1;1;3;1;1;1;1;1;2;4;1;4;1;1.0;1.0;1.0;2.0;2;1;58;2;0;1;1;16.0;0;7.0;220058;2.0;;;;;;;;7;4;1.0;2.0;1.0;;5;0.5149815;3.0;4.0;2.0;3.0;3.0;2.0;2.0;2.0;2.0;2.0;1.0;2.0;2.0;1.0;1.0;2.0;2.0;2.0;2.0;2.0;1.0;2.0;3.0;2.0;3.0;3.0;9.0;3.0;9.0;3.0;2.0;2.0;2.0;7.0;2.0;2.0;6.0;2.0;2.0;1.0;3.0;3.0;3.0;3.0;3.0;5.0;9.0;;1.0;1.0;3.0;3.0;;;;;;;;;;2.0;2.0;2.0;;;;;;;;;;
2032;171712;6;1;4;5;2;3;1;1;1;1;1;2;5;1;4;1;1.0;2.0;1.0;1.0;4;1;54;4;0;1;1;12.0;0;6.0;220030;2.0;;;;;;;;5;2;3.0;5.0;1.0;;5;1.37924;3.0;3.0;1.0;3.0;1.0;1.0;2.0;2.0;1.0;2.0;2.0;2.0;2.0;2.0;2.0;2.0;2.0;2.0;4.0;1.0;2.0;2.0;3.0;1.0;7.0;1.0;1.0;1.0;1.0;1.0;1.0;1.0;1.0;1.0;1.0;1.0;1.0;1.0;1.0;2.0;3.0;9.0;1.0;1.0;1.0;16.0;1.0;;2.0;2.0;3.0;3.0;;;;;;;;;;2.0;1.0;2.0;;;;;;;;;;
2033;171714;14;2;3;5;2;4;1;1;1;1;1;2;1;1;4;1;1.0;1.0;1.0;2.0;3;1;55;3;0;2;1;1.0;0;1.0;221014;2.0;;;;;;;;9;1;7.0;2.0;;2.0;5;0.3575638;1.0;1.0;3.0;1.0;4.0;1.0;2.0;2.0;1.0;2.0;2.0;1.0;2.0;1.0;2.0;2.0;2.0;2.0;2.0;5.0;1.0;1.0;5.0;3.0;1.0;1.0;1.0;1.0;1.0;1.0;1.0;1.0;1.0;1.0;2.0;2.0;2.0;2.0;2.0;1.0;5.0;5.0;1.0;2.0;2.0;4.0;1.0;;2.0;2.0;2.0;3.0;;;;;;;;;;2.0;2.0;2.0;;;;;;;;;;
2077;171861;6;5;1;4;1;3;2;1;1;1;1;2;3;1;4;1;;;;;1;2;54;1;0;3;1;16.0;0;7.0;222005;;;;;;;;;6;4;3.0;2.0;1.0;;5;1.139619;1.0;1.0;3.0;1.0;1.0;4.0;2.0;2.0;2.0;2.0;2.0;1.0;2.0;2.0;2.0;1.0;2.0;2.0;4.0;1.0;1.0;1.0;1.0;2.0;1.0;1.0;1.0;1.0;1.0;1.0;1.0;1.0;1.0;1.0;2.0;2.0;2.0;6.0;2.0;1.0;3.0;1.0;2.0;2.0;2.0;6.0;2.0;6.0;3.0;1.0;3.0;3.0;;;;;;;;;;1.0;2.0;2.0;;;;;;;;;;
2087;171899;4;1;3;4;3;2;2;1;1;1;2;2;5;2;2;2;;;;;4;2;53;3;1;1;1;18.0;0;8.0;220092;;2.0;2.0;1.0;2.0;2.0;2.0;2.0;6;6;3.0;2.0;1.0;;5;0.2876185;2.0;3.0;3.0;4.0;1.0;3.0;3.0;2.0;1.0;2.0;2.0;2.0;2.0;2.0;2.0;1.0;2.0;2.0;4.0;3.0;1.0;2.0;3.0;2.0;1.0;1.0;1.0;1.0;1.0;1.0;1.0;1.0;1.0;1.0;2.0;2.0;1.0;2.0;3.0;2.0;5.0;3.0;3.0;2.0;2.0;16.0;1.0;;3.0;2.0;3.0;3.0;;;;;;;;;;2.0;1.0;2.0;;;;;;;;;;
2088;171900;13;5;2;5;1;2;1;1;1;1;1;2;1;1;4;1;2.0;2.0;1.0;2.0;2;1;52;2;0;3;1;10.0;0;5.0;222005;2.0;;;;;;;;11;1;1.0;2.0;;;5;0.317605;1.0;1.0;1.0;1.0;4.0;1.0;3.0;1.0;1.0;2.0;2.0;2.0;2.0;2.0;2.0;1.0;2.0;2.0;2.0;2.0;1.0;2.0;3.0;2.0;1.0;2.0;1.0;4.0;2.0;4.0;1.0;2.0;1.0;2.0;2.0;2.0;6.0;6.0;3.0;1.0;5.0;2.0;3.0;2.0;2.0;4.0;2.0;4.0;2.0;2.0;3.0;2.0;2.0;1.0;2.0;1.0;2.0;;2.0;1.0;2.0;2.0;2.0;2.0;;2.0;;1.0;2.0;2.0;2.0;2.0;;2.0
2110;171996;7;1;3;5;1;3;1;1;1;1;1;2;5;1;4;1;1.0;1.0;1.0;2.0;2;2;28;2;0;1;1;11.0;0;6.0;220079;2.0;;;;;;;;7;2;3.0;5.0;1.0;;3;0.3834914;1.0;1.0;4.0;1.0;2.0;3.0;2.0;2.0;1.0;2.0;2.0;2.0;1.0;1.0;2.0;2.0;2.0;2.0;2.0;2.0;2.0;2.0;3.0;3.0;5.0;1.0;1.0;4.0;1.0;5.0;1.0;3.0;1.0;2.0;6.0;6.0;6.0;6.0;6.0;2.0;5.0;3.0;2.0;2.0;3.0;5.0;1.0;;2.0;1.0;3.0;3.0;;;;;;;;;;2.0;2.0;2.0;;;;;;;;;;
2147;172110;2;1;3;2;2;3;1;1;1;1;1;2;4;2;4;1;1.0;1.0;1.0;2.0;3;1;50;3;0;1;1;8.0;0;4.0;220058;2.0;2.0;2.0;1.0;2.0;2.0;2.0;2.0;9;1;3.0;2.0;;;5;1.373965;4.0;1.0;1.0;1.0;4.0;4.0;1.0;1.0;2.0;1.0;2.0;2.0;2.0;2.0;2.0;2.0;2.0;2.0;2.0;2.0;1.0;2.0;3.0;2.0;1.0;2.0;2.0;2.0;2.0;3.0;2.0;2.0;1.0;7.0;2.0;2.0;6.0;3.0;3.0;3.0;3.0;5.0;5.0;1.0;5.0;3.0;1.0;;3.0;1.0;3.0;3.0;;;;;;;;;;2.0;2.0;2.0;;;;;;;;;;
2211;172385;12;5;1;2;2;3;1;1;1;1;1;2;2;1;4;1;2.0;1.0;1.0;2.0;3;1;36;2;1;3;1;6.0;0;3.0;222005;2.0;;;;;;;;12;1;3.0;2.0;;;4;0.7590997;1.0;1.0;4.0;1.0;3.0;6.0;1.0;2.0;1.0;2.0;2.0;2.0;2.0;2.0;2.0;1.0;2.0;2.0;2.0;2.0;2.0;1.0;3.0;3.0;5.0;3.0;4.0;5.0;3.0;3.0;7.0;3.0;3.0;5.0;3.0;3.0;2.0;2.0;4.0;3.0;5.0;2.0;2.0;4.0;2.0;4.0;1.0;;3.0;3.0;3.0;3.0;;;;;;;;;;1.0;2.0;2.0;;;;;;;;;;
2228;172436;9;7;1;3;2;2;2;1;1;1;1;2;2;1;4;1;;;;;2;1;34;2;0;4;1;9.0;0;4.0;223001;;;;;;;;;11;1;3.0;2.0;;;4;0.2843021;1.0;1.0;1.0;1.0;1.0;2.0;9.0;2.0;2.0;2.0;2.0;1.0;1.0;2.0;2.0;1.0;2.0;2.0;2.0;1.0;1.0;1.0;3.0;2.0;4.0;7.0;1.0;3.0;2.0;4.0;4.0;5.0;1.0;2.0;6.0;6.0;3.0;4.0;4.0;1.0;5.0;5.0;5.0;1.0;5.0;16.0;9.0;;2.0;1.0;3.0;3.0;;;;;;;;;;2.0;2.0;2.0;;;;;;;;;;
2235;172458;12;4;2;1;2;3;1;1;1;1;1;2;2;1;4;1;1.0;1.0;1.0;2.0;4;1;46;2;2;2;1;11.0;0;6.0;221014;2.0;;;;;;;;7;1;3.0;2.0;;;4;0.1792992;4.0;2.0;1.0;1.0;4.0;4.0;2.0;1.0;2.0;2.0;2.0;2.0;2.0;1.0;2.0;2.0;1.0;2.0;4.0;2.0;1.0;2.0;3.0;2.0;1.0;1.0;2.0;3.0;2.0;5.0;1.0;1.0;1.0;1.0;2.0;2.0;2.0;2.0;3.0;1.0;3.0;3.0;2.0;3.0;1.0;7.0;1.0;;2.0;1.0;3.0;1.0;2.0;2.0;1.0;1.0;2.0;;5.0;2.0;1.0;2.0;2.0;2.0;;2.0;;2.0;2.0;2.0;2.0;2.0;;2.0
2277;172624;15;1;3;2;2;3;1;1;1;1;1;2;1;1;4;1;1.0;2.0;1.0;2.0;2;1;59;2;0;1;1;16.0;0;7.0;220079;2.0;;;;;;;;12;4;1.0;2.0;1.0;;5;1.380567;1.0;3.0;1.0;1.0;3.0;2.0;3.0;1.0;1.0;2.0;2.0;1.0;2.0;2.0;2.0;2.0;2.0;2.0;2.0;2.0;2.0;2.0;3.0;2.0;1.0;1.0;1.0;1.0;1.0;1.0;1.0;1.0;1.0;7.0;2.0;2.0;6.0;6.0;3.0;1.0;3.0;3.0;1.0;1.0;1.0;5.0;1.0;;3.0;1.0;3.0;3.0;;;;;;;;;;2.0;2.0;2.0;;;;;;;;;;
2296;172683;3;5;2;3;3;2;2;1;1;1;1;2;4;1;1;1;;;;;4;2;30;1;3;3;1;18.0;0;8.0;222005;;;;;;;;;7;6;3.0;2.0;1.0;;4;0.0801929;4.0;4.0;4.0;4.0;4.0;4.0;2.0;1.0;2.0;2.0;2.0;1.0;2.0;1.0;2.0;2.0;2.0;2.0;4.0;2.0;1.0;1.0;5.0;2.0;1.0;1.0;1.0;1.0;1.0;1.0;1.0;1.0;1.0;1.0;6.0;6.0;6.0;6.0;6.0;6.0;3.0;3.0;3.0;3.0;3.0;16.0;1.0;;2.0;1.0;3.0;3.0;;;;;;;;;;2.0;2.0;2.0;;;;;;;;;;
2335;172835;3;7;2;3;3;2;2;1;1;1;1;2;4;2;2;1;;;;;3;2;52;2;1;4;1;10.0;0;5.0;223001;;2.0;2.0;1.0;2.0;2.0;2.0;2.0;3;1;2.0;6.0;;;5;0.1895348;4.0;4.0;1.0;1.0;3.0;2.0;2.0;2.0;1.0;2.0;2.0;1.0;1.0;2.0;2.0;2.0;2.0;2.0;4.0;1.0;1.0;1.0;3.0;2.0;5.0;2.0;7.0;2.0;2.0;5.0;2.0;5.0;2.0;2.0;3.0;3.0;2.0;3.0;6.0;2.0;5.0;3.0;5.0;5.0;1.0;5.0;2.0;4.0;3.0;2.0;3.0;3.0;;;;;;;;;;2.0;2.0;2.0;;;;;;;;;;
2351;172926;3;7;2;3;3;3;2;1;1;1;1;2;5;2;2;1;;;;;2;2;24;1;1;4;1;12.0;0;6.0;223001;;2.0;2.0;1.0;2.0;2.0;2.0;2.0;3;2;4.0;1.0;1.0;;2;0.1421511;2.0;3.0;3.0;6.0;2.0;2.0;2.0;2.0;2.0;2.0;2.0;1.0;1.0;2.0;2.0;1.0;2.0;2.0;1.0;2.0;1.0;1.0;3.0;2.0;7.0;1.0;1.0;1.0;2.0;2.0;1.0;1.0;1.0;1.0;2.0;2.0;2.0;2.0;2.0;2.0;3.0;3.0;3.0;3.0;3.0;5.0;1.0;;3.0;2.0;3.0;4.0;;;;;;;;;;2.0;2.0;2.0;;;;;;;;;;
2378;173052;12;1;3;2;2;4;1;1;1;1;1;2;2;1;4;1;2.0;1.0;1.0;2.0;7;1;39;2;5;1;1;11.0;0;6.0;220030;2.0;;;;;;;;7;1;3.0;2.0;;;4;0.3943343;1.0;1.0;1.0;1.0;1.0;1.0;2.0;1.0;1.0;2.0;1.0;2.0;2.0;2.0;2.0;2.0;2.0;2.0;4.0;3.0;1.0;1.0;2.0;2.0;1.0;1.0;1.0;2.0;1.0;2.0;2.0;2.0;1.0;1.0;2.0;2.0;2.0;2.0;3.0;1.0;3.0;3.0;1.0;1.0;1.0;7.0;1.0;;2.0;2.0;3.0;3.0;;;;;;;;;;2.0;2.0;2.0;;;;;;;;;;
2379;173053;6;1;3;4;1;2;1;1;1;1;1;2;2;1;4;1;1.0;2.0;1.0;2.0;2;1;61;2;0;1;1;16.0;0;7.0;220030;2.0;;;;;;;;7;4;3.0;2.0;1.0;;6;0.3834915;1.0;1.0;1.0;1.0;4.0;4.0;2.0;2.0;1.0;2.0;2.0;1.0;2.0;2.0;2.0;2.0;2.0;2.0;4.0;2.0;2.0;1.0;4.0;2.0;1.0;1.0;1.0;1.0;1.0;1.0;1.0;1.0;1.0;1.0;1.0;1.0;1.0;1.0;2.0;1.0;3.0;3.0;2.0;1.0;1.0;4.0;1.0;;1.0;1.0;3.0;3.0;;;;;;;;;;1.0;2.0;2.0;;;;;;;;;;
2380;173054;13;2;3;2;1;2;1;1;1;1;1;2;1;1;4;1;2.0;2.0;1.0;2.0;3;1;40;1;2;2;1;5.0;0;3.0;221014;2.0;;;;;;;;12;1;7.0;2.0;;3.0;4;0.1191893;3.0;3.0;4.0;4.0;4.0;4.0;2.0;2.0;2.0;1.0;2.0;1.0;2.0;1.0;2.0;2.0;2.0;2.0;4.0;1.0;1.0;2.0;3.0;3.0;2.0;2.0;2.0;2.0;2.0;4.0;1.0;1.0;1.0;1.0;2.0;2.0;2.0;1.0;3.0;2.0;5.0;5.0;5.0;1.0;5.0;5.0;1.0;;3.0;1.0;3.0;3.0;;;;;;;;;;2.0;2.0;2.0;;;;;;;;;;
2419;173236;11;7;2;1;2;2;2;1;1;2;1;2;3;2;4;1;;;;;2;1;34;2;0;4;1;6.0;0;3.0;223001;;2.0;2.0;1.0;2.0;2.0;2.0;2.0;12;2;1.0;1.0;1.0;;4;0.2843201;2.0;2.0;3.0;2.0;3.0;1.0;2.0;2.0;2.0;1.0;2.0;2.0;2.0;2.0;2.0;1.0;2.0;2.0;4.0;1.0;1.0;1.0;4.0;3.0;3.0;1.0;1.0;4.0;7.0;6.0;2.0;1.0;1.0;7.0;3.0;3.0;6.0;6.0;3.0;2.0;3.0;3.0;3.0;3.0;5.0;3.0;2.0;98.0;2.0;1.0;3.0;3.0;;;;;;;;;;1.0;2.0;2.0;;;;;;;;;;
2424;173252;12;1;3;2;2;2;1;2;1;1;1;2;2;1;4;1;2.0;1.0;1.0;2.0;4;1;38;2;2;1;1;4.0;0;2.0;220092;2.0;;;;;;;;9;1;7.0;2.0;;15.0;4;0.1917457;3.0;4.0;3.0;2.0;4.0;2.0;2.0;2.0;1.0;2.0;2.0;2.0;2.0;2.0;2.0;2.0;1.0;1.0;2.0;2.0;2.0;1.0;6.0;2.0;1.0;1.0;1.0;1.0;1.0;3.0;1.0;3.0;1.0;1.0;2.0;2.0;1.0;1.0;3.0;3.0;1.0;5.0;1.0;1.0;2.0;3.0;1.0;;3.0;3.0;3.0;3.0;;;;;;;;;;2.0;2.0;2.0;;;;;;;;;;
2459;173428;5;5;2;3;1;4;2;1;1;1;1;2;5;2;4;1;;;;;2;1;45;2;0;3;1;11.0;0;6.0;222005;;2.0;2.0;1.0;2.0;2.0;2.0;2.0;3;1;3.0;2.0;;;4;0.9878026;4.0;2.0;2.0;4.0;4.0;4.0;5.0;2.0;1.0;2.0;2.0;1.0;2.0;2.0;2.0;2.0;1.0;2.0;2.0;2.0;1.0;1.0;4.0;2.0;3.0;3.0;1.0;3.0;1.0;4.0;4.0;3.0;1.0;1.0;2.0;2.0;5.0;3.0;6.0;1.0;4.0;3.0;3.0;2.0;3.0;6.0;2.0;6.0;1.0;1.0;4.0;4.0;;;;;;;;;;2.0;2.0;2.0;;;;;;;;;;
2487;173578;12;5;1;1;2;3;2;1;1;1;1;2;1;1;4;1;;;;;2;1;35;2;0;3;1;6.0;0;3.0;222005;;;;;;;;;12;1;1.0;2.0;;;4;0.3165618;2.0;3.0;4.0;4.0;4.0;4.0;2.0;2.0;2.0;2.0;2.0;1.0;1.0;2.0;2.0;1.0;2.0;2.0;1.0;2.0;3.0;1.0;2.0;2.0;1.0;2.0;2.0;2.0;2.0;4.0;1.0;4.0;2.0;2.0;2.0;3.0;2.0;2.0;3.0;2.0;3.0;3.0;3.0;1.0;2.0;4.0;1.0;;3.0;1.0;3.0;3.0;;;;;;;;;;2.0;2.0;2.0;;;;;;;;;;
2493;173638;12;5;2;2;1;2;1;1;1;1;1;2;1;1;4;1;2.0;2.0;1.0;2.0;2;1;67;2;0;3;1;16.0;0;7.0;222005;2.0;;;;;;;;12;4;1.0;2.0;1.0;;6;1.13962;3.0;2.0;3.0;4.0;4.0;4.0;3.0;1.0;1.0;1.0;2.0;2.0;2.0;2.0;2.0;2.0;2.0;2.0;1.0;2.0;1.0;2.0;3.0;3.0;3.0;3.0;3.0;4.0;2.0;3.0;2.0;3.0;2.0;3.0;3.0;3.0;2.0;2.0;4.0;2.0;5.0;5.0;3.0;3.0;5.0;6.0;1.0;;3.0;1.0;3.0;1.0;2.0;1.0;2.0;1.0;1.0;;2.0;1.0;2.0;1.0;2.0;2.0;;2.0;;1.0;2.0;2.0;2.0;2.0;;2.0
2533;184013;15;7;2;4;3;2;2;2;1;2;1;2;4;3;1;3;;;;;2;2;21;2;0;4;1;15.0;0;8.0;223001;;2.0;1.0;2.0;2.0;2.0;2.0;2.0;9;3;;;2.0;;2;0.2980198;6.0;2.0;2.0;2.0;3.0;6.0;5.0;2.0;2.0;2.0;2.0;1.0;1.0;2.0;2.0;1.0;2.0;2.0;2.0;2.0;2.0;1.0;6.0;3.0;1.0;2.0;2.0;2.0;2.0;2.0;2.0;2.0;7.0;2.0;6.0;6.0;6.0;9.0;9.0;9.0;5.0;5.0;3.0;5.0;3.0;4.0;1.0;;3.0;2.0;4.0;4.0;;;;;;;;;;2.0;2.0;2.0;;;;;;;;;;
2574;193845;10;1;3;1;2;4;1;1;1;1;1;2;4;1;4;1;2.0;2.0;1.0;2.0;7;1;34;2;5;1;1;11.0;0;6.0;220030;2.0;;;;;;;;7;1;3.0;2.0;;;4;0.1150496;4.0;3.0;4.0;3.0;3.0;3.0;1.0;1.0;1.0;2.0;2.0;1.0;1.0;1.0;2.0;2.0;1.0;2.0;2.0;2.0;1.0;1.0;3.0;2.0;1.0;1.0;1.0;1.0;3.0;3.0;1.0;3.0;1.0;3.0;2.0;3.0;3.0;2.0;1.0;3.0;3.0;3.0;3.0;3.0;4.0;16.0;1.0;;3.0;3.0;4.0;4.0;;;;;;;;;;2.0;2.0;1.0;;;;;;;;;;
2580;193856;7;1;3;2;2;2;1;1;1;1;1;2;4;2;4;1;2.0;1.0;1.0;2.0;3;1;32;2;1;1;1;10.0;0;5.0;220058;2.0;2.0;1.0;1.0;2.0;2.0;2.0;2.0;7;2;3.0;2.0;1.0;;4;0.6771889;3.0;4.0;2.0;1.0;3.0;3.0;2.0;2.0;1.0;2.0;2.0;1.0;2.0;2.0;2.0;1.0;2.0;2.0;4.0;2.0;2.0;1.0;4.0;3.0;2.0;2.0;2.0;3.0;3.0;3.0;2.0;3.0;2.0;2.0;2.0;2.0;2.0;2.0;3.0;2.0;5.0;3.0;2.0;2.0;2.0;8.0;1.0;;3.0;1.0;3.0;3.0;;;;;;;;;;2.0;2.0;2.0;;;;;;;;;;
2592;193891;10;1;3;2;1;2;1;1;1;2;1;2;5;1;4;1;2.0;2.0;1.0;2.0;1;1;32;1;0;1;1;2.0;0;2.0;220079;2.0;;;;;;;;7;1;7.0;2.0;;0.0;4;1.404935;6.0;1.0;6.0;1.0;1.0;4.0;2.0;2.0;2.0;2.0;2.0;1.0;2.0;2.0;2.0;2.0;2.0;2.0;4.0;1.0;5.0;1.0;4.0;4.0;3.0;2.0;7.0;2.0;7.0;5.0;2.0;2.0;2.0;7.0;2.0;2.0;6.0;6.0;6.0;1.0;5.0;3.0;1.0;5.0;1.0;16.0;1.0;;3.0;4.0;3.0;3.0;;;;;;;;;;2.0;2.0;2.0;;;;;;;;;;
2597;193902;13;4;2;1;2;3;1;1;1;1;1;2;2;1;4;1;2.0;2.0;1.0;2.0;4;1;41;2;2;2;1;11.0;0;6.0;221014;2.0;;;;;;;;12;1;3.0;2.0;;;4;0.5040778;1.0;1.0;1.0;1.0;4.0;4.0;1.0;2.0;1.0;1.0;2.0;1.0;1.0;2.0;2.0;2.0;2.0;2.0;2.0;1.0;1.0;1.0;3.0;3.0;1.0;1.0;1.0;3.0;1.0;3.0;1.0;3.0;1.0;1.0;2.0;6.0;2.0;2.0;3.0;2.0;5.0;5.0;1.0;1.0;5.0;5.0;1.0;;2.0;1.0;3.0;3.0;;;;;;;;;;2.0;2.0;2.0;;;;;;;;;;
2612;193934;14;1;3;1;2;4;1;1;1;1;1;2;4;1;4;1;1.0;1.0;1.0;2.0;5;1;34;2;3;1;1;11.0;0;6.0;220092;2.0;;;;;;;;11;1;3.0;2.0;;;4;0.1562943;1.0;1.0;1.0;1.0;4.0;3.0;2.0;2.0;1.0;2.0;2.0;1.0;2.0;2.0;2.0;1.0;2.0;2.0;4.0;2.0;1.0;2.0;4.0;2.0;1.0;1.0;1.0;1.0;1.0;2.0;1.0;2.0;9.0;1.0;2.0;6.0;6.0;6.0;6.0;1.0;2.0;3.0;2.0;1.0;2.0;4.0;1.0;;1.0;2.0;3.0;3.0;;;;;;;;;;2.0;2.0;2.0;;;;;;;;;;
2624;240001;4;1;3;3;3;2;1;1;1;2;2;2;4;2;1;1;1.0;2.0;1.0;2.0;3;2;29;1;2;1;2;18.0;0;8.0;220030;2.0;2.0;2.0;1.0;1.0;2.0;2.0;2.0;4;6;4.0;2.0;1.0;;3;0.0855631;4.0;4.0;4.0;4.0;2.0;4.0;3.0;2.0;1.0;2.0;2.0;2.0;2.0;2.0;2.0;2.0;2.0;2.0;4.0;5.0;1.0;1.0;5.0;2.0;1.0;1.0;7.0;1.0;7.0;1.0;9.0;1.0;1.0;7.0;6.0;6.0;6.0;6.0;6.0;6.0;3.0;3.0;1.0;5.0;2.0;4.0;1.0;;3.0;3.0;3.0;4.0;;;;;;;;;;2.0;2.0;2.0;2.0;;;;;;;;;
2625;240002;11;1;3;2;2;3;1;1;1;1;1;2;1;1;4;1;1.0;1.0;1.0;2.0;4;1;53;2;2;1;2;11.0;0;6.0;220030;2.0;;;;;;;;3;1;3.0;2.0;;;5;0.1026642;4.0;4.0;4.0;4.0;3.0;4.0;2.0;2.0;2.0;2.0;2.0;1.0;1.0;1.0;2.0;2.0;2.0;2.0;2.0;1.0;1.0;2.0;3.0;2.0;1.0;1.0;1.0;1.0;1.0;1.0;1.0;1.0;1.0;1.0;1.0;1.0;6.0;6.0;2.0;1.0;5.0;2.0;1.0;1.0;5.0;4.0;1.0;;2.0;1.0;3.0;3.0;;;;;;;;;;2.0;2.0;2.0;2.0;;;;;;;;;
2626;240003;7;3;2;1;2;3;1;1;1;1;1;2;2;1;2;1;1.0;2.0;2.0;2.0;4;1;41;3;1;2;2;11.0;0;6.0;221001;2.0;;;;;;;;7;1;3.0;2.0;;;4;0.0468417;2.0;1.0;1.0;1.0;1.0;1.0;2.0;2.0;1.0;2.0;2.0;1.0;2.0;2.0;2.0;1.0;2.0;2.0;4.0;2.0;2.0;2.0;3.0;2.0;2.0;1.0;1.0;1.0;1.0;9.0;1.0;2.0;1.0;1.0;2.0;2.0;2.0;2.0;2.0;2.0;2.0;2.0;2.0;2.0;2.0;5.0;1.0;;3.0;2.0;3.0;3.0;;;;;;;;;;2.0;2.0;2.0;2.0;;;;;;;;;
2627;240011;6;6;2;2;1;3;1;1;1;1;1;2;1;1;4;1;1.0;2.0;1.0;2.0;2;1;42;1;1;3;2;8.0;0;4.0;222007;2.0;;;;;;;;7;1;3.0;2.0;;;4;0.3090473;3.0;9.0;9.0;9.0;4.0;9.0;2.0;2.0;2.0;2.0;2.0;2.0;2.0;2.0;2.0;2.0;2.0;2.0;9.0;2.0;2.0;1.0;4.0;2.0;9.0;9.0;9.0;9.0;9.0;9.0;9.0;9.0;9.0;9.0;9.0;9.0;9.0;9.0;9.0;9.0;9.0;9.0;9.0;9.0;9.0;99.0;9.0;;9.0;9.0;3.0;3.0;;;;;;;;;;2.0;2.0;2.0;1.0;;;;;;;;;
2628;240016;7;5;2;2;1;2;1;1;1;1;1;2;2;1;4;1;1.0;2.0;1.0;1.0;4;1;54;2;2;3;2;10.0;0;5.0;222005;2.0;;;;;;;;6;1;3.0;2.0;;;5;0.0702914;1.0;1.0;1.0;1.0;1.0;4.0;2.0;1.0;1.0;2.0;2.0;2.0;2.0;2.0;2.0;2.0;1.0;2.0;1.0;1.0;1.0;1.0;4.0;2.0;1.0;2.0;2.0;2.0;2.0;2.0;2.0;2.0;2.0;2.0;1.0;1.0;1.0;2.0;2.0;1.0;3.0;3.0;2.0;1.0;2.0;16.0;1.0;;2.0;2.0;3.0;3.0;;;;;;;;;;2.0;2.0;2.0;2.0;;;;;;;;;
2629;240021;11;5;2;4;2;4;1;1;1;1;1;2;4;1;4;1;2.0;1.0;1.0;2.0;4;1;44;2;2;3;2;11.0;0;6.0;222005;2.0;;;;;;;;7;1;1.0;2.0;;;4;0.0850189;1.0;1.0;3.0;1.0;1.0;1.0;2.0;2.0;1.0;2.0;2.0;1.0;1.0;2.0;2.0;1.0;1.0;2.0;1.0;1.0;1.0;1.0;3.0;2.0;1.0;1.0;1.0;1.0;1.0;1.0;1.0;1.0;1.0;1.0;2.0;2.0;3.0;2.0;2.0;2.0;3.0;3.0;2.0;1.0;3.0;16.0;1.0;;3.0;1.0;3.0;3.0;;;;;;;;;;1.0;2.0;2.0;2.0;;;;;;;;;
2630;240032;11;1;3;2;2;3;1;1;1;1;1;2;1;1;4;1;2.0;1.0;1.0;2.0;4;1;43;2;2;1;2;11.0;0;6.0;220030;2.0;;;;;;;;9;1;3.0;2.0;;;4;0.1282178;4.0;1.0;4.0;1.0;4.0;4.0;2.0;1.0;2.0;2.0;1.0;2.0;2.0;2.0;2.0;1.0;2.0;2.0;1.0;1.0;1.0;2.0;3.0;1.0;1.0;1.0;1.0;1.0;1.0;1.0;1.0;1.0;1.0;1.0;2.0;2.0;6.0;1.0;3.0;2.0;3.0;5.0;5.0;2.0;1.0;6.0;1.0;;2.0;1.0;3.0;3.0;;;;;;;;;;2.0;2.0;2.0;2.0;;;;;;;;;
2666;240157;12;4;3;1;2;2;1;1;1;1;1;2;2;1;4;1;1.0;1.0;1.0;2.0;5;1;47;4;1;2;2;11.0;0;6.0;221014;2.0;;;;;;;;3;1;3.0;2.0;;;4;0.0303105;1.0;1.0;4.0;2.0;3.0;4.0;2.0;2.0;1.0;2.0;2.0;1.0;1.0;2.0;2.0;2.0;2.0;2.0;4.0;1.0;1.0;1.0;3.0;2.0;1.0;1.0;1.0;1.0;1.0;1.0;1.0;1.0;1.0;1.0;2.0;2.0;1.0;2.0;2.0;1.0;5.0;2.0;2.0;1.0;2.0;3.0;2.0;6.0;2.0;1.0;3.0;1.0;2.0;1.0;2.0;1.0;2.0;;2.0;1.0;2.0;2.0;2.0;2.0;2.0;2.0;2.0;2.0;2.0;2.0;2.0;2.0;2.0;2.0
2667;240158;11;1;3;1;2;2;1;1;1;1;1;2;2;1;4;1;2.0;1.0;1.0;2.0;4;1;42;3;1;1;2;11.0;0;6.0;220058;2.0;;;;;;;;7;1;3.0;2.0;;;4;0.0742678;1.0;1.0;1.0;1.0;6.0;4.0;2.0;2.0;1.0;1.0;2.0;2.0;2.0;2.0;2.0;1.0;2.0;2.0;2.0;2.0;2.0;1.0;2.0;3.0;6.0;1.0;1.0;1.0;1.0;1.0;1.0;1.0;1.0;1.0;1.0;3.0;1.0;2.0;4.0;1.0;3.0;3.0;1.0;5.0;5.0;3.0;1.0;;3.0;1.0;3.0;3.0;;;;;;;;;;2.0;2.0;2.0;2.0;;;;;;;;;
2668;240160;12;1;3;1;2;4;1;1;1;1;1;2;4;1;4;1;1.0;1.0;1.0;2.0;4;1;43;2;2;1;2;6.0;0;3.0;220058;2.0;;;;;;;;11;1;1.0;2.0;;;4;0.1131663;1.0;1.0;4.0;2.0;1.0;4.0;1.0;2.0;1.0;2.0;2.0;1.0;2.0;2.0;2.0;2.0;2.0;2.0;4.0;1.0;1.0;1.0;3.0;2.0;1.0;1.0;1.0;1.0;1.0;1.0;1.0;1.0;1.0;1.0;6.0;1.0;1.0;1.0;1.0;1.0;3.0;1.0;1.0;1.0;1.0;10.0;2.0;3.0;2.0;1.0;3.0;3.0;;;;;;;;;;2.0;1.0;2.0;2.0;;;;;;;;;
2669;240161;11;1;3;4;2;4;1;1;1;1;1;2;4;1;4;1;1.0;1.0;1.0;2.0;2;1;56;1;1;1;2;8.0;0;4.0;220058;2.0;;;;;;;;1;1;3.0;2.0;;;5;0.1656591;4.0;4.0;4.0;4.0;2.0;1.0;5.0;2.0;1.0;2.0;2.0;1.0;1.0;2.0;2.0;1.0;2.0;2.0;2.0;1.0;1.0;2.0;2.0;2.0;2.0;1.0;2.0;1.0;2.0;1.0;1.0;1.0;1.0;1.0;1.0;1.0;1.0;2.0;2.0;1.0;3.0;3.0;2.0;2.0;3.0;1.0;1.0;;3.0;1.0;3.0;3.0;;;;;;;;;;1.0;2.0;2.0;2.0;;;;;;;;;
2670;240165;5;4;1;3;1;4;2;1;1;1;1;2;4;1;4;1;;;;;4;2;36;1;3;2;2;18.0;0;8.0;221014;;;;;;;;;4;6;6.0;2.0;1.0;3.0;4;0.0848445;1.0;1.0;4.0;1.0;1.0;4.0;2.0;2.0;1.0;2.0;2.0;1.0;2.0;2.0;2.0;2.0;2.0;2.0;4.0;1.0;2.0;1.0;4.0;1.0;1.0;1.0;1.0;3.0;1.0;4.0;7.0;1.0;1.0;1.0;2.0;2.0;2.0;3.0;3.0;1.0;3.0;3.0;2.0;1.0;1.0;4.0;1.0;;2.0;1.0;3.0;3.0;;;;;;;;;;2.0;2.0;2.0;2.0;;;;;;;;;
2671;240167;13;4;2;1;2;4;1;1;1;1;1;2;1;1;4;1;2.0;1.0;1.0;2.0;5;1;37;2;3;2;2;5.0;0;3.0;221014;2.0;;;;;;;;12;1;7.0;2.0;;0.0;4;0.0946395;1.0;1.0;4.0;1.0;4.0;4.0;2.0;2.0;2.0;2.0;2.0;1.0;1.0;2.0;2.0;1.0;2.0;2.0;4.0;1.0;1.0;1.0;4.0;1.0;1.0;1.0;1.0;1.0;7.0;1.0;1.0;1.0;7.0;7.0;2.0;2.0;6.0;2.0;4.0;2.0;3.0;5.0;3.0;1.0;1.0;16.0;1.0;;3.0;2.0;3.0;3.0;;;;;;;;;;2.0;2.0;2.0;2.0;;;;;;;;;
2705;240267;1;7;2;3;3;2;2;2;1;1;1;2;4;1;4;1;;;;;3;1;46;2;1;4;2;11.0;0;6.0;223001;;;;;;;;;7;2;3.0;2.0;1.0;;4;0.0799838;1.0;1.0;1.0;1.0;1.0;3.0;2.0;2.0;1.0;2.0;2.0;2.0;2.0;2.0;2.0;2.0;2.0;2.0;1.0;1.0;1.0;1.0;6.0;2.0;3.0;1.0;1.0;3.0;7.0;1.0;1.0;1.0;1.0;7.0;2.0;2.0;6.0;6.0;6.0;2.0;2.0;2.0;2.0;1.0;1.0;99.0;1.0;;2.0;1.0;3.0;3.0;;;;;;;;;;2.0;2.0;2.0;2.0;;;;;;;;;
2706;240268;14;7;2;2;2;3;1;1;1;1;1;2;2;2;4;1;2.0;1.0;1.0;2.0;4;1;36;2;2;4;2;10.0;0;5.0;223001;2.0;1.0;2.0;1.0;2.0;2.0;2.0;2.0;11;1;3.0;2.0;;;4;0.0766471;2.0;2.0;2.0;1.0;3.0;1.0;1.0;2.0;2.0;2.0;2.0;1.0;2.0;2.0;2.0;2.0;2.0;2.0;2.0;9.0;1.0;1.0;3.0;3.0;2.0;3.0;3.0;3.0;2.0;3.0;3.0;3.0;2.0;2.0;3.0;3.0;3.0;3.0;3.0;3.0;3.0;3.0;2.0;2.0;2.0;5.0;2.0;5.0;1.0;1.0;3.0;4.0;;;;;;;;;;2.0;2.0;2.0;2.0;;;;;;;;;
2707;240271;2;7;2;2;1;3;1;1;1;1;1;2;2;1;4;1;1.0;2.0;1.0;2.0;4;1;45;2;2;4;2;6.0;0;3.0;223001;2.0;;;;;;;;11;1;1.0;2.0;;;4;0.0816636;4.0;1.0;2.0;2.0;4.0;4.0;2.0;2.0;1.0;2.0;2.0;2.0;2.0;2.0;2.0;1.0;2.0;2.0;2.0;2.0;5.0;2.0;4.0;4.0;5.0;4.0;3.0;4.0;1.0;5.0;7.0;5.0;3.0;4.0;3.0;2.0;1.0;2.0;3.0;2.0;3.0;3.0;1.0;1.0;5.0;16.0;1.0;;1.0;1.0;3.0;1.0;2.0;1.0;2.0;2.0;2.0;;1.0;2.0;1.0;1.0;2.0;2.0;2.0;2.0;2.0;2.0;2.0;2.0;2.0;1.0;2.0;2.0
2708;240272;13;7;1;4;1;3;2;1;2;1;1;2;2;1;4;1;;;;;4;2;41;2;2;4;2;6.0;0;3.0;223001;;;;;;;;;12;2;3.0;2.0;1.0;;4;0.1591355;1.0;1.0;1.0;1.0;3.0;1.0;1.0;1.0;2.0;2.0;2.0;2.0;2.0;2.0;2.0;2.0;2.0;2.0;9.0;2.0;1.0;1.0;6.0;3.0;2.0;2.0;2.0;2.0;2.0;2.0;2.0;2.0;2.0;2.0;3.0;3.0;2.0;3.0;3.0;2.0;3.0;5.0;2.0;1.0;1.0;3.0;1.0;;2.0;2.0;3.0;4.0;;;;;;;;;;2.0;2.0;2.0;2.0;;;;;;;;;
2709;240273;15;7;2;1;1;2;2;1;1;1;1;2;3;1;4;1;;;;;3;1;32;2;1;4;2;10.0;0;5.0;223001;;;;;;;;;12;1;1.0;2.0;;;4;0.1397747;3.0;4.0;4.0;3.0;3.0;1.0;1.0;2.0;2.0;1.0;2.0;2.0;2.0;2.0;2.0;2.0;2.0;2.0;2.0;1.0;1.0;1.0;6.0;2.0;1.0;1.0;1.0;1.0;2.0;2.0;1.0;2.0;1.0;1.0;1.0;2.0;1.0;1.0;3.0;2.0;5.0;5.0;2.0;1.0;1.0;4.0;1.0;;2.0;2.0;3.0;1.0;1.0;2.0;2.0;2.0;2.0;;5.0;2.0;1.0;2.0;2.0;2.0;2.0;2.0;2.0;2.0;2.0;2.0;2.0;1.0;2.0;2.0
2710;240276;15;7;2;3;1;3;2;1;1;1;1;2;3;1;4;1;;;;;3;1;43;2;1;4;2;10.0;0;5.0;223001;;;;;;;;;7;1;2.0;3.0;;;4;0.0537133;3.0;4.0;4.0;4.0;3.0;4.0;2.0;1.0;2.0;2.0;2.0;2.0;2.0;2.0;2.0;2.0;2.0;2.0;1.0;3.0;1.0;1.0;3.0;2.0;1.0;1.0;1.0;2.0;2.0;2.0;1.0;2.0;1.0;1.0;2.0;2.0;3.0;2.0;9.0;1.0;3.0;2.0;2.0;5.0;3.0;4.0;1.0;;3.0;1.0;3.0;3.0;;;;;;;;;;2.0;2.0;2.0;2.0;;;;;;;;;
2711;240281;11;1;3;2;2;4;1;1;1;1;1;2;2;1;4;1;1.0;2.0;1.0;2.0;3;1;39;2;1;1;2;11.0;0;6.0;220079;2.0;;;;;;;;7;1;3.0;2.0;;;4;0.1232562;4.0;1.0;2.0;1.0;3.0;4.0;1.0;2.0;2.0;2.0;1.0;2.0;2.0;1.0;2.0;1.0;2.0;2.0;2.0;2.0;1.0;2.0;4.0;3.0;1.0;2.0;2.0;2.0;2.0;3.0;3.0;3.0;2.0;7.0;2.0;2.0;1.0;6.0;3.0;2.0;5.0;5.0;2.0;1.0;1.0;4.0;1.0;;3.0;1.0;3.0;1.0;2.0;1.0;2.0;1.0;2.0;;1.0;2.0;1.0;2.0;2.0;2.0;2.0;2.0;2.0;2.0;2.0;2.0;2.0;2.0;2.0;2.0
2712;240282;4;1;3;3;1;4;1;1;1;1;1;1;6;2;1;2;1.0;1.0;1.0;2.0;6;1;37;4;2;1;2;10.0;0;5.0;220079;2.0;2.0;2.0;1.0;2.0;2.0;2.0;2.0;3;1;3.0;2.0;;;4;0.0510364;1.0;1.0;4.0;3.0;1.0;4.0;2.0;2.0;1.0;2.0;2.0;1.0;2.0;2.0;2.0;1.0;2.0;2.0;4.0;1.0;1.0;2.0;3.0;2.0;1.0;1.0;1.0;1.0;1.0;1.0;1.0;1.0;1.0;1.0;1.0;1.0;2.0;1.0;1.0;1.0;2.0;2.0;1.0;2.0;1.0;16.0;1.0;;3.0;1.0;3.0;3.0;;;;;;;;;;2.0;2.0;2.0;2.0;;;;;;;;;
2713;240288;10;1;3;2;2;4;1;1;1;1;1;2;2;1;4;1;1.0;1.0;1.0;1.0;3;1;48;2;1;1;2;10.0;0;5.0;220092;2.0;;;;;;;;7;1;1.0;2.0;;;4;0.0831824;1.0;1.0;1.0;1.0;2.0;3.0;2.0;2.0;1.0;2.0;2.0;1.0;1.0;2.0;2.0;2.0;2.0;2.0;4.0;4.0;2.0;2.0;3.0;2.0;7.0;3.0;1.0;3.0;1.0;3.0;1.0;3.0;3.0;1.0;2.0;2.0;6.0;2.0;2.0;2.0;5.0;5.0;2.0;2.0;2.0;4.0;1.0;;3.0;1.0;3.0;3.0;;;;;;;;;;2.0;2.0;2.0;2.0;;;;;;;;;
3153;242593;10;2;1;2;2;3;1;1;1;1;1;2;2;1;4;1;1.0;1.0;1.0;2.0;5;1;59;3;2;2;2;19.0;0;8.0;221001;2.0;;;;;;;;6;7;3.0;2.0;1.0;;5;0.0452504;1.0;1.0;4.0;4.0;4.0;4.0;2.0;1.0;1.0;2.0;2.0;2.0;2.0;2.0;2.0;1.0;2.0;2.0;2.0;2.0;2.0;1.0;3.0;2.0;1.0;1.0;1.0;1.0;1.0;1.0;1.0;1.0;1.0;1.0;2.0;2.0;6.0;1.0;3.0;1.0;2.0;2.0;1.0;1.0;1.0;4.0;1.0;;1.0;1.0;3.0;3.0;;;;;;;;;;2.0;2.0;2.0;2.0;;;;;;;;;
3170;242680;5;4;1;3;1;2;2;1;1;1;1;2;5;2;2;1;;;;;2;2;54;1;1;2;2;6.0;0;3.0;221014;;2.0;2.0;1.0;2.0;2.0;2.0;2.0;7;1;3.0;2.0;;;5;0.3237916;1.0;2.0;2.0;2.0;1.0;3.0;2.0;1.0;2.0;1.0;2.0;2.0;2.0;2.0;2.0;2.0;2.0;1.0;2.0;3.0;1.0;2.0;3.0;2.0;1.0;1.0;1.0;1.0;1.0;1.0;1.0;1.0;7.0;1.0;1.0;2.0;1.0;1.0;2.0;1.0;5.0;5.0;1.0;1.0;5.0;16.0;1.0;;2.0;1.0;3.0;3.0;;;;;;;;;;2.0;2.0;2.0;2.0;;;;;;;;;
3180;242743;2;7;2;2;2;4;1;1;1;1;1;2;4;1;4;1;1.0;2.0;1.0;2.0;5;1;52;2;3;4;2;10.0;0;5.0;223001;2.0;;;;;;;;11;1;1.0;2.0;;;5;0.085363;2.0;3.0;4.0;2.0;1.0;2.0;1.0;1.0;1.0;2.0;2.0;2.0;2.0;2.0;2.0;1.0;2.0;2.0;2.0;2.0;2.0;2.0;4.0;3.0;2.0;1.0;2.0;3.0;2.0;2.0;2.0;2.0;2.0;2.0;2.0;2.0;6.0;6.0;3.0;2.0;1.0;1.0;1.0;1.0;1.0;5.0;1.0;;3.0;1.0;3.0;3.0;;;;;;;;;;2.0;2.0;2.0;2.0;;;;;;;;;
3232;242945;15;1;3;2;1;4;1;1;1;1;1;2;4;1;4;1;2.0;2.0;1.0;2.0;4;1;48;2;2;1;2;11.0;0;6.0;220079;2.0;;;;;;;;4;1;3.0;2.0;;;4;0.1989537;3.0;2.0;3.0;2.0;3.0;4.0;1.0;2.0;2.0;1.0;2.0;1.0;1.0;2.0;2.0;1.0;2.0;2.0;2.0;1.0;1.0;2.0;4.0;1.0;1.0;1.0;1.0;3.0;1.0;2.0;1.0;1.0;1.0;1.0;1.0;1.0;1.0;2.0;2.0;1.0;1.0;5.0;2.0;1.0;1.0;6.0;2.0;8.0;2.0;1.0;3.0;2.0;2.0;1.0;1.0;1.0;2.0;;2.0;2.0;1.0;2.0;2.0;2.0;2.0;2.0;2.0;2.0;2.0;2.0;2.0;2.0;2.0;2.0
3237;242962;10;1;3;1;2;3;1;1;1;1;1;2;4;2;4;3;1.0;2.0;1.0;2.0;3;1;39;2;1;1;2;11.0;0;6.0;220058;2.0;2.0;1.0;1.0;2.0;1.0;2.0;2.0;7;1;3.0;2.0;;;4;0.2261301;3.0;2.0;2.0;1.0;4.0;4.0;3.0;1.0;2.0;2.0;2.0;2.0;2.0;2.0;2.0;2.0;2.0;2.0;2.0;2.0;1.0;1.0;3.0;3.0;1.0;2.0;1.0;1.0;2.0;1.0;1.0;1.0;1.0;2.0;2.0;3.0;3.0;3.0;3.0;2.0;3.0;3.0;3.0;3.0;3.0;16.0;1.0;;1.0;2.0;3.0;3.0;;;;;;;;;;2.0;2.0;2.0;2.0;;;;;;;;;
3290;243184;11;5;2;1;2;3;1;1;1;1;1;2;2;1;4;1;2.0;2.0;1.0;2.0;4;1;45;2;2;3;2;3.0;0;2.0;222005;2.0;;;;;;;;7;1;3.0;3.0;;;4;0.1753371;1.0;1.0;1.0;1.0;1.0;3.0;2.0;2.0;1.0;2.0;2.0;2.0;2.0;2.0;2.0;1.0;2.0;1.0;2.0;3.0;3.0;1.0;3.0;4.0;3.0;3.0;2.0;4.0;6.0;5.0;4.0;5.0;2.0;3.0;3.0;4.0;2.0;4.0;4.0;2.0;3.0;3.0;3.0;1.0;1.0;10.0;1.0;;2.0;2.0;3.0;3.0;;;;;;;;;;2.0;2.0;2.0;2.0;;;;;;;;;
3296;243202;7;1;3;2;1;4;1;1;1;1;1;2;2;1;4;1;2.0;1.0;1.0;2.0;3;2;45;2;1;1;2;19.0;0;8.0;220030;2.0;;;;;;;;7;7;3.0;2.0;1.0;;4;0.0427816;1.0;1.0;4.0;1.0;4.0;4.0;1.0;2.0;1.0;2.0;2.0;1.0;2.0;2.0;2.0;1.0;2.0;2.0;1.0;2.0;3.0;2.0;3.0;3.0;1.0;3.0;2.0;3.0;3.0;4.0;4.0;2.0;2.0;2.0;3.0;4.0;6.0;3.0;3.0;2.0;3.0;3.0;3.0;2.0;3.0;99.0;9.0;;3.0;1.0;3.0;3.0;;;;;;;;;;2.0;2.0;2.0;2.0;;;;;;;;;
3305;243235;14;7;2;2;1;4;1;1;1;1;1;2;2;1;4;1;2.0;2.0;1.0;2.0;3;2;42;2;1;4;2;9.0;0;4.0;223001;2.0;;;;;;;;7;1;2.0;2.0;;;4;0.1089071;3.0;1.0;3.0;2.0;4.0;3.0;3.0;2.0;2.0;2.0;2.0;1.0;2.0;2.0;2.0;1.0;2.0;2.0;4.0;3.0;3.0;1.0;2.0;1.0;1.0;1.0;1.0;1.0;1.0;2.0;1.0;1.0;1.0;1.0;2.0;2.0;2.0;2.0;3.0;2.0;3.0;3.0;2.0;2.0;3.0;16.0;1.0;;3.0;1.0;3.0;3.0;;;;;;;;;;1.0;2.0;2.0;2.0;;;;;;;;;
3321;243293;7;1;3;4;3;2;2;1;1;1;2;2;3;1;4;1;;;;;6;1;43;3;3;1;2;11.0;0;6.0;220030;;;;;;;;;7;1;2.0;2.0;;;4;0.1626346;1.0;1.0;1.0;1.0;1.0;3.0;5.0;2.0;1.0;2.0;2.0;1.0;2.0;2.0;2.0;1.0;2.0;2.0;2.0;3.0;1.0;2.0;3.0;1.0;1.0;1.0;1.0;1.0;1.0;1.0;1.0;1.0;1.0;1.0;6.0;2.0;2.0;2.0;6.0;1.0;3.0;2.0;1.0;5.0;2.0;6.0;2.0;2.0;3.0;1.0;3.0;1.0;2.0;1.0;2.0;2.0;2.0;;5.0;2.0;2.0;2.0;2.0;2.0;2.0;2.0;2.0;2.0;2.0;2.0;2.0;1.0;2.0;1.0
3343;243368;5;5;2;3;3;3;2;1;1;2;1;2;3;2;3;1;;;;;5;1;29;2;3;3;2;11.0;0;6.0;222005;;2.0;2.0;1.0;2.0;2.0;2.0;2.0;3;2;2.0;1.0;1.0;;3;0.3160007;1.0;1.0;1.0;1.0;3.0;3.0;2.0;2.0;1.0;2.0;2.0;2.0;2.0;2.0;2.0;2.0;2.0;2.0;4.0;1.0;1.0;1.0;4.0;2.0;3.0;2.0;1.0;2.0;2.0;4.0;1.0;1.0;1.0;2.0;2.0;2.0;1.0;6.0;6.0;1.0;3.0;3.0;3.0;1.0;3.0;4.0;2.0;4.0;1.0;1.0;3.0;3.0;;;;;;;;;;2.0;2.0;2.0;2.0;;;;;;;;;
3373;243463;10;1;3;3;2;4;1;1;1;1;1;2;4;1;4;1;2.0;1.0;1.0;2.0;3;2;53;2;1;1;2;10.0;0;5.0;220058;2.0;;;;;;;;7;1;3.0;2.0;;;5;0.1089564;3.0;3.0;4.0;2.0;1.0;3.0;2.0;2.0;1.0;2.0;2.0;1.0;2.0;2.0;2.0;1.0;2.0;2.0;1.0;3.0;1.0;2.0;2.0;1.0;1.0;1.0;1.0;1.0;1.0;3.0;1.0;1.0;1.0;1.0;1.0;2.0;2.0;2.0;2.0;2.0;2.0;3.0;3.0;1.0;3.0;4.0;1.0;;2.0;1.0;3.0;3.0;;;;;;;;;;2.0;2.0;2.0;2.0;;;;;;;;;
3519;244896;8;4;2;3;1;3;2;1;1;1;1;2;3;1;4;1;;;;;3;2;35;2;1;2;2;7.0;0;4.0;221014;;;;;;;;;7;1;3.0;2.0;;;4;0.174967;1.0;1.0;1.0;1.0;1.0;1.0;2.0;2.0;1.0;2.0;2.0;2.0;2.0;2.0;2.0;2.0;2.0;2.0;4.0;2.0;2.0;1.0;2.0;2.0;1.0;1.0;1.0;1.0;2.0;3.0;7.0;7.0;2.0;2.0;1.0;3.0;1.0;2.0;3.0;1.0;3.0;3.0;2.0;1.0;3.0;16.0;1.0;;3.0;2.0;3.0;3.0;;;;;;;;;;2.0;2.0;2.0;2.0;;;;;;;;;
3520;244911;15;7;2;3;1;3;1;1;1;1;1;2;2;2;4;1;1.0;2.0;2.0;2.0;7;1;63;5;2;4;2;16.0;0;7.0;223001;2.0;2.0;2.0;1.0;2.0;2.0;2.0;2.0;1;4;3.0;2.0;1.0;;6;0.2608641;1.0;1.0;3.0;4.0;3.0;2.0;2.0;2.0;2.0;2.0;2.0;1.0;2.0;2.0;2.0;1.0;2.0;2.0;4.0;1.0;1.0;1.0;3.0;1.0;1.0;7.0;1.0;1.0;1.0;1.0;1.0;1.0;7.0;1.0;6.0;6.0;1.0;2.0;2.0;2.0;5.0;5.0;5.0;3.0;5.0;8.0;9.0;;3.0;1.0;3.0;3.0;;;;;;;;;;2.0;2.0;1.0;2.0;;;;;;;;;
3521;244912;15;7;2;3;3;4;2;2;1;1;1;2;4;2;1;1;;;;;5;1;36;2;3;4;2;11.0;0;6.0;223001;;2.0;2.0;1.0;2.0;2.0;2.0;2.0;7;2;3.0;2.0;1.0;;4;0.0962714;1.0;4.0;2.0;1.0;1.0;3.0;1.0;2.0;1.0;2.0;2.0;2.0;2.0;2.0;2.0;2.0;2.0;2.0;4.0;2.0;1.0;1.0;3.0;2.0;1.0;1.0;1.0;1.0;1.0;2.0;1.0;1.0;1.0;1.0;2.0;3.0;3.0;2.0;2.0;2.0;3.0;3.0;3.0;3.0;3.0;2.0;1.0;;2.0;1.0;3.0;4.0;;;;;;;;;;2.0;2.0;2.0;2.0;;;;;;;;;
3661;245971;6;1;3;2;2;3;1;1;1;1;1;2;4;1;4;1;2.0;1.0;1.0;2.0;4;1;34;2;2;1;2;11.0;0;6.0;220030;2.0;;;;;;;;7;1;3.0;2.0;;;4;0.20326;1.0;1.0;2.0;1.0;2.0;3.0;3.0;2.0;1.0;2.0;2.0;2.0;2.0;2.0;2.0;2.0;2.0;2.0;1.0;1.0;1.0;1.0;3.0;2.0;2.0;3.0;1.0;3.0;9.0;4.0;2.0;4.0;2.0;9.0;1.0;2.0;9.0;9.0;9.0;1.0;3.0;3.0;3.0;2.0;3.0;5.0;2.0;5.0;3.0;3.0;3.0;3.0;;;;;;;;;;2.0;2.0;2.0;2.0;;;;;;;;;
3662;245973;11;1;3;4;2;4;1;1;1;1;1;2;2;1;4;1;2.0;1.0;1.0;2.0;4;1;44;2;2;1;2;5.0;0;3.0;220030;2.0;;;;;;;;12;1;7.0;2.0;;0.0;4;0.2608556;2.0;2.0;3.0;4.0;4.0;4.0;2.0;2.0;2.0;2.0;2.0;1.0;2.0;2.0;2.0;2.0;2.0;2.0;2.0;3.0;2.0;2.0;3.0;3.0;2.0;2.0;2.0;3.0;2.0;3.0;2.0;2.0;2.0;2.0;6.0;2.0;6.0;2.0;3.0;2.0;4.0;4.0;2.0;2.0;5.0;8.0;1.0;;3.0;1.0;3.0;3.0;;;;;;;;;;2.0;2.0;2.0;2.0;;;;;;;;;
3663;245976;2;1;3;1;2;4;1;1;1;1;1;1;4;1;4;1;1.0;2.0;1.0;2.0;4;1;44;2;2;1;2;11.0;0;6.0;220030;2.0;;;;;;;;7;1;3.0;2.0;;;4;0.3415013;1.0;2.0;2.0;2.0;1.0;1.0;1.0;2.0;1.0;2.0;2.0;2.0;2.0;2.0;2.0;2.0;2.0;2.0;4.0;2.0;1.0;1.0;3.0;2.0;1.0;1.0;1.0;1.0;1.0;2.0;1.0;2.0;1.0;1.0;6.0;6.0;1.0;1.0;3.0;2.0;2.0;3.0;1.0;1.0;2.0;5.0;1.0;;1.0;2.0;3.0;3.0;;;;;;;;;;2.0;2.0;2.0;2.0;;;;;;;;;
3664;245978;11;1;3;2;2;2;1;1;1;1;1;2;4;1;4;1;2.0;2.0;1.0;2.0;3;1;51;2;1;1;2;7.0;0;4.0;220058;2.0;;;;;;;;11;1;3.0;2.0;;;5;0.0927157;3.0;2.0;4.0;2.0;1.0;1.0;1.0;1.0;1.0;2.0;2.0;1.0;2.0;2.0;2.0;2.0;2.0;2.0;1.0;3.0;3.0;1.0;3.0;2.0;6.0;1.0;1.0;1.0;1.0;1.0;1.0;1.0;1.0;2.0;2.0;3.0;6.0;6.0;4.0;2.0;3.0;3.0;3.0;2.0;3.0;5.0;2.0;7.0;2.0;1.0;3.0;3.0;;;;;;;;;;2.0;2.0;2.0;2.0;;;;;;;;;
3665;245983;8;1;3;2;2;3;1;1;1;1;1;2;3;1;4;1;1.0;2.0;1.0;2.0;4;1;47;2;2;1;2;10.0;0;5.0;220058;2.0;;;;;;;;7;1;1.0;2.0;;;4;0.1025926;1.0;1.0;1.0;1.0;4.0;4.0;2.0;1.0;1.0;2.0;1.0;2.0;2.0;2.0;2.0;2.0;2.0;2.0;1.0;1.0;2.0;1.0;3.0;2.0;6.0;3.0;2.0;2.0;7.0;3.0;2.0;2.0;1.0;9.0;2.0;6.0;6.0;6.0;3.0;9.0;5.0;2.0;3.0;1.0;5.0;16.0;1.0;;2.0;2.0;3.0;3.0;;;;;;;;;;2.0;2.0;2.0;2.0;;;;;;;;;
3666;245986;7;1;3;2;2;2;1;1;1;1;1;2;2;1;4;1;1.0;1.0;1.0;2.0;4;1;40;2;2;1;2;1.0;0;1.0;220079;2.0;;;;;;;;11;1;7.0;2.0;;4.0;4;0.1861953;2.0;3.0;3.0;4.0;2.0;4.0;1.0;1.0;2.0;2.0;2.0;2.0;2.0;2.0;2.0;2.0;2.0;2.0;2.0;3.0;2.0;2.0;5.0;3.0;1.0;1.0;1.0;3.0;7.0;1.0;1.0;1.0;1.0;7.0;2.0;6.0;6.0;6.0;4.0;2.0;5.0;5.0;2.0;1.0;1.0;4.0;2.0;4.0;2.0;2.0;3.0;3.0;;;;;;;;;;2.0;2.0;2.0;2.0;;;;;;;;;
3667;245992;14;1;3;1;2;2;1;1;1;1;1;2;4;2;4;1;1.0;1.0;1.0;1.0;5;1;49;4;1;1;2;11.0;0;6.0;220092;2.0;2.0;2.0;1.0;2.0;2.0;2.0;2.0;4;1;4.0;2.0;;;4;0.050784;1.0;3.0;2.0;4.0;1.0;1.0;1.0;2.0;1.0;2.0;2.0;2.0;2.0;2.0;2.0;2.0;2.0;2.0;1.0;2.0;1.0;1.0;3.0;3.0;1.0;1.0;1.0;3.0;1.0;1.0;1.0;2.0;2.0;2.0;2.0;2.0;2.0;1.0;3.0;2.0;3.0;2.0;1.0;1.0;1.0;6.0;1.0;;3.0;1.0;3.0;3.0;;;;;;;;;;2.0;2.0;2.0;2.0;;;;;;;;;
3668;245993;11;1;3;2;1;3;1;1;1;1;1;2;3;1;4;1;2.0;1.0;1.0;1.0;4;1;41;2;2;1;2;2.0;0;2.0;220092;2.0;;;;;;;;3;1;7.0;2.0;;3.0;4;0.1571406;1.0;1.0;4.0;2.0;4.0;3.0;2.0;1.0;2.0;2.0;2.0;2.0;1.0;2.0;2.0;1.0;2.0;2.0;2.0;2.0;2.0;2.0;4.0;2.0;7.0;3.0;3.0;4.0;7.0;5.0;7.0;5.0;1.0;7.0;2.0;6.0;2.0;2.0;3.0;1.0;5.0;5.0;1.0;1.0;1.0;4.0;2.0;4.0;2.0;1.0;3.0;3.0;;;;;;;;;;2.0;2.0;2.0;2.0;;;;;;;;;
3669;245995;9;1;3;2;2;4;1;1;1;2;1;1;5;2;1;1;2.0;1.0;1.0;2.0;4;1;42;2;2;1;2;12.0;0;6.0;220092;2.0;2.0;2.0;1.0;2.0;2.0;2.0;2.0;7;1;4.0;2.0;;;4;0.1310848;2.0;2.0;3.0;2.0;1.0;2.0;2.0;2.0;1.0;2.0;2.0;2.0;2.0;2.0;2.0;2.0;2.0;2.0;2.0;2.0;2.0;1.0;5.0;2.0;2.0;2.0;7.0;2.0;9.0;1.0;1.0;1.0;7.0;7.0;6.0;6.0;6.0;6.0;6.0;2.0;3.0;2.0;3.0;5.0;1.0;3.0;2.0;3.0;3.0;2.0;3.0;3.0;;;;;;;;;;2.0;2.0;2.0;2.0;;;;;;;;;
3670;245996;8;1;3;2;2;3;1;2;1;1;1;2;1;1;4;1;1.0;2.0;1.0;2.0;3;1;40;2;1;1;2;10.0;0;5.0;220092;2.0;;;;;;;;9;1;2.0;2.0;;;4;0.0608111;1.0;1.0;4.0;4.0;3.0;2.0;1.0;1.0;2.0;1.0;1.0;2.0;2.0;2.0;2.0;2.0;2.0;2.0;1.0;1.0;1.0;1.0;4.0;2.0;1.0;1.0;7.0;1.0;1.0;1.0;9.0;1.0;7.0;1.0;1.0;6.0;6.0;1.0;2.0;1.0;3.0;2.0;3.0;5.0;1.0;4.0;1.0;;2.0;1.0;3.0;3.0;;;;;;;;;;2.0;2.0;2.0;2.0;;;;;;;;;
3671;245997;13;1;3;2;2;2;1;1;1;1;1;2;1;1;4;1;2.0;1.0;1.0;2.0;3;1;42;2;1;1;2;6.0;0;3.0;220092;2.0;;;;;;;;11;1;4.0;2.0;;;4;0.0960351;1.0;1.0;4.0;1.0;4.0;1.0;2.0;2.0;2.0;2.0;2.0;1.0;2.0;2.0;2.0;2.0;2.0;2.0;4.0;1.0;5.0;2.0;5.0;4.0;6.0;7.0;2.0;6.0;7.0;5.0;7.0;4.0;7.0;7.0;2.0;2.0;2.0;2.0;4.0;1.0;5.0;5.0;5.0;2.0;5.0;6.0;1.0;;3.0;1.0;3.0;3.0;;;;;;;;;;2.0;2.0;2.0;2.0;;;;;;;;;
3672;246003;13;4;1;2;1;4;1;1;1;1;1;2;2;1;4;1;2.0;2.0;1.0;2.0;4;1;51;2;2;2;2;4.0;0;2.0;221014;2.0;;;;;;;;10;1;6.0;2.0;;20.0;5;0.2006472;2.0;4.0;4.0;1.0;2.0;1.0;2.0;2.0;2.0;2.0;2.0;1.0;2.0;2.0;2.0;2.0;2.0;2.0;4.0;2.0;2.0;2.0;4.0;3.0;3.0;2.0;2.0;3.0;2.0;4.0;3.0;2.0;2.0;2.0;2.0;3.0;2.0;3.0;4.0;2.0;3.0;5.0;2.0;1.0;1.0;6.0;2.0;6.0;3.0;2.0;3.0;3.0;;;;;;;;;;2.0;2.0;2.0;2.0;;;;;;;;;
3673;246011;7;5;2;3;1;4;1;1;1;1;1;2;4;1;3;1;2.0;2.0;1.0;2.0;6;1;37;2;4;3;2;11.0;0;6.0;222005;2.0;;;;;;;;7;1;3.0;2.0;;;4;0.2650469;1.0;1.0;1.0;1.0;4.0;4.0;2.0;2.0;1.0;2.0;2.0;2.0;2.0;2.0;2.0;2.0;2.0;2.0;3.0;2.0;2.0;1.0;4.0;2.0;1.0;1.0;1.0;2.0;7.0;1.0;1.0;1.0;1.0;2.0;2.0;1.0;6.0;6.0;6.0;1.0;2.0;1.0;3.0;2.0;5.0;4.0;1.0;;1.0;1.0;3.0;3.0;;;;;;;;;;2.0;2.0;2.0;2.0;;;;;;;;;
3674;246026;7;7;3;4;2;4;1;1;1;1;1;2;1;1;4;1;2.0;2.0;1.0;2.0;4;2;36;2;2;4;2;18.0;0;8.0;223001;2.0;;;;;;;;4;6;4.0;3.0;1.0;;4;0.0404311;2.0;3.0;1.0;3.0;1.0;1.0;1.0;2.0;2.0;2.0;1.0;2.0;2.0;2.0;2.0;2.0;2.0;2.0;2.0;1.0;1.0;1.0;3.0;1.0;1.0;1.0;1.0;2.0;2.0;1.0;1.0;1.0;2.0;2.0;2.0;2.0;9.0;2.0;4.0;2.0;3.0;2.0;2.0;2.0;3.0;1.0;1.0;;2.0;1.0;3.0;3.0;;;;;;;;;;2.0;2.0;2.0;2.0;;;;;;;;;
4043;263981;9;1;3;1;2;3;1;1;1;1;1;2;4;1;4;1;2.0;2.0;1.0;2.0;5;1;34;2;3;1;2;11.0;0;6.0;220058;2.0;;;;;;;;9;1;3.0;2.0;;;4;0.2065137;3.0;3.0;3.0;2.0;4.0;4.0;1.0;1.0;2.0;2.0;2.0;2.0;2.0;2.0;2.0;2.0;2.0;2.0;4.0;3.0;2.0;2.0;3.0;3.0;7.0;1.0;1.0;3.0;1.0;4.0;1.0;3.0;1.0;1.0;2.0;3.0;6.0;6.0;3.0;2.0;3.0;3.0;2.0;2.0;2.0;3.0;1.0;;3.0;2.0;3.0;3.0;;;;;;;;;;2.0;2.0;2.0;2.0;;;;;;;;;
4064;267164;15;1;3;1;2;2;1;1;1;1;1;2;4;1;4;1;2.0;1.0;1.0;2.0;4;1;39;2;2;1;2;6.0;0;3.0;220092;2.0;;;;;;;;12;1;2.0;2.0;;;4;0.0912507;4.0;4.0;4.0;1.0;4.0;1.0;1.0;2.0;1.0;2.0;2.0;2.0;2.0;2.0;2.0;2.0;2.0;2.0;2.0;1.0;1.0;2.0;3.0;2.0;1.0;1.0;1.0;1.0;1.0;1.0;1.0;1.0;1.0;1.0;4.0;2.0;1.0;1.0;4.0;1.0;5.0;2.0;3.0;1.0;1.0;4.0;2.0;4.0;2.0;1.0;3.0;1.0;2.0;1.0;2.0;1.0;2.0;;2.0;1.0;2.0;2.0;2.0;2.0;2.0;2.0;2.0;2.0;2.0;2.0;2.0;2.0;2.0;2.0
